trip_distance,fare_amount,winter,spring,summer,fall,pickup_datetime,dropoff_datetime,Holiday Proximity,ride_duration,Early morning,Morning,Afternoon,Night
1.22,7.0,0,0,0,1,2019-09-22 01:55:18,2019-09-22 02:02:36,0,0 days 00:07:18.000000000,1,0,0,0
14.55,61.13,1,0,0,0,2019-12-30 21:10:00,2019-12-30 21:49:00,1,0 days 00:39:00.000000000,0,0,0,0
0.74,4.5,1,0,0,0,2019-01-21 11:35:11,2019-01-21 11:39:09,0,0 days 00:03:58.000000000,0,1,0,0
9.7,34.5,1,0,0,0,2019-02-06 11:11:41,2019-02-06 11:50:17,0,0 days 00:38:36.000000000,0,1,0,0
1.64,9.0,1,0,0,0,2019-02-11 19:45:01,2019-02-11 19:56:25,0,0 days 00:11:24.000000000,0,0,0,0
0.5,4.0,1,0,0,0,2019-12-27 13:41:18,2019-12-27 13:44:03,0,0 days 00:02:45.000000000,0,0,1,0
0.97,5.0,1,0,0,0,2019-01-13 22:25:12,2019-01-13 22:29:06,0,0 days 00:03:54.000000000,0,0,0,1
0.56,5.0,0,0,0,1,2019-09-19 17:40:47,2019-09-19 17:46:03,0,0 days 00:05:16.000000000,0,0,1,0
2.23,9.5,0,0,0,1,2019-11-01 22:48:21,2019-11-01 22:59:39,0,0 days 00:11:18.000000000,0,0,0,1
0.57,4.5,1,0,0,0,2019-01-21 14:38:00,2019-01-21 14:41:04,0,0 days 00:03:04.000000000,0,0,1,0
0.96,10.5,0,0,0,1,2019-09-17 08:39:43,2019-09-17 08:55:50,0,0 days 00:16:07.000000000,0,1,0,0
0.6,6.0,0,0,1,0,2019-07-24 07:31:27,2019-07-24 07:37:50,0,0 days 00:06:23.000000000,0,1,0,0
0.6,6.5,0,0,0,1,2019-10-10 12:52:55,2019-10-10 13:00:14,0,0 days 00:07:19.000000000,0,0,0,0
1.2,7.5,0,1,0,0,2019-04-28 17:24:07,2019-04-28 17:33:29,0,0 days 00:09:22.000000000,0,0,1,0
1.03,6.0,0,1,0,0,2019-05-05 11:20:07,2019-05-05 11:25:53,0,0 days 00:05:46.000000000,0,1,0,0
0.51,4.0,0,1,0,0,2019-05-30 22:21:26,2019-05-30 22:24:23,1,0 days 00:02:57.000000000,0,0,0,1
2.56,12.0,0,1,0,0,2019-03-10 00:36:30,2019-03-10 00:51:22,0,0 days 00:14:52.000000000,1,0,0,0
0.65,6.0,0,0,0,1,2019-10-29 10:55:32,2019-10-29 11:01:43,0,0 days 00:06:11.000000000,0,1,0,0
0.5,6.5,0,1,0,0,2019-04-16 10:46:42,2019-04-16 10:54:18,0,0 days 00:07:36.000000000,0,1,0,0
4.82,21.0,1,0,0,0,2019-01-14 09:54:41,2019-01-14 10:22:30,0,0 days 00:27:49.000000000,0,1,0,0
1.64,8.0,0,0,0,1,2019-09-29 20:43:24,2019-09-29 20:52:04,0,0 days 00:08:40.000000000,0,0,0,0
1.02,7.0,1,0,0,0,2019-12-31 22:01:23,2019-12-31 22:09:53,1,0 days 00:08:30.000000000,0,0,0,1
7.77,25.5,0,0,1,0,2019-08-24 10:55:48,2019-08-24 11:20:16,0,0 days 00:24:28.000000000,0,1,0,0
8.45,24.5,0,1,0,0,2019-03-10 11:56:21,2019-03-10 12:13:02,0,0 days 00:16:41.000000000,0,1,0,0
0.5,5.0,1,0,0,0,2019-02-13 13:04:55,2019-02-13 13:09:52,0,0 days 00:04:57.000000000,0,0,1,0
1.1,8.5,0,0,0,1,2019-09-26 20:47:39,2019-09-26 20:59:08,0,0 days 00:11:29.000000000,0,0,0,0
8.33,27.5,1,0,0,0,2019-01-30 04:19:12,2019-01-30 04:45:29,0,0 days 00:26:17.000000000,1,0,0,0
1.77,10.5,1,0,0,0,2019-01-23 13:36:10,2019-01-23 13:49:00,0,0 days 00:12:50.000000000,0,0,1,0
1.83,10.0,0,1,0,0,2019-03-20 12:56:00,2019-03-20 13:07:56,0,0 days 00:11:56.000000000,0,0,0,0
2.64,11.5,0,1,0,0,2019-04-01 17:40:49,2019-04-01 17:54:40,0,0 days 00:13:51.000000000,0,0,1,0
1.05,7.5,0,0,1,0,2019-07-29 19:00:34,2019-07-29 19:09:25,0,0 days 00:08:51.000000000,0,0,0,0
1.64,9.0,1,0,0,0,2019-01-04 08:23:21,2019-01-04 08:34:55,0,0 days 00:11:34.000000000,0,1,0,0
1.47,8.5,0,0,1,0,2019-08-08 21:20:11,2019-08-08 21:30:06,0,0 days 00:09:55.000000000,0,0,0,0
0.6,4.0,0,0,0,1,2019-11-07 22:01:35,2019-11-07 22:03:23,0,0 days 00:01:48.000000000,0,0,0,1
1.0,5.5,0,1,0,0,2019-03-02 14:29:44,2019-03-02 14:33:50,0,0 days 00:04:06.000000000,0,0,1,0
7.47,23.0,0,0,1,0,2019-08-31 16:02:16,2019-08-31 16:25:04,0,0 days 00:22:48.000000000,0,0,1,0
19.2,52.0,0,0,0,1,2019-10-21 22:34:47,2019-10-21 23:14:23,0,0 days 00:39:36.000000000,0,0,0,1
0.7,5.5,0,0,0,1,2019-10-21 18:20:59,2019-10-21 18:26:30,0,0 days 00:05:31.000000000,0,0,0,0
0.6,5.5,0,0,1,0,2019-08-31 17:35:13,2019-08-31 17:41:02,0,0 days 00:05:49.000000000,0,0,1,0
1.05,6.5,1,0,0,0,2019-12-18 09:17:28,2019-12-18 09:24:30,0,0 days 00:07:02.000000000,0,1,0,0
1.54,8.0,0,0,0,1,2019-11-15 06:38:59,2019-11-15 06:47:21,0,0 days 00:08:22.000000000,0,1,0,0
3.63,15.5,1,0,0,0,2019-12-04 20:27:03,2019-12-04 20:46:49,0,0 days 00:19:46.000000000,0,0,0,0
4.5,21.0,0,1,0,0,2019-03-31 00:15:02,2019-03-31 00:44:34,0,0 days 00:29:32.000000000,1,0,0,0
0.5,5.5,0,0,0,1,2019-10-13 13:56:31,2019-10-13 14:01:38,0,0 days 00:05:07.000000000,0,0,1,0
0.71,4.0,0,1,0,0,2019-04-28 19:15:37,2019-04-28 19:17:46,0,0 days 00:02:09.000000000,0,0,0,0
3.66,15.5,0,1,0,0,2019-05-31 19:17:00,2019-05-31 19:38:01,0,0 days 00:21:01.000000000,0,0,0,0
3.46,18.5,0,0,0,1,2019-09-17 15:40:44,2019-09-17 16:07:39,0,0 days 00:26:55.000000000,0,0,1,0
1.54,8.5,0,0,0,1,2019-10-16 23:53:52,2019-10-17 00:03:45,0,0 days 00:09:53.000000000,0,0,0,1
2.85,15.0,0,1,0,0,2019-05-30 09:26:08,2019-05-30 09:47:11,1,0 days 00:21:03.000000000,0,1,0,0
2.8,11.5,1,0,0,0,2019-01-13 02:38:59,2019-01-13 02:50:10,0,0 days 00:11:11.000000000,1,0,0,0
0.86,7.0,0,1,0,0,2019-05-28 21:07:40,2019-05-28 21:16:11,0,0 days 00:08:31.000000000,0,0,0,0
6.8,26.5,0,0,0,1,2019-11-20 07:43:20,2019-11-20 08:16:29,0,0 days 00:33:09.000000000,0,1,0,0
2.7,13.0,0,1,0,0,2019-05-17 10:55:56,2019-05-17 11:12:57,0,0 days 00:17:01.000000000,0,1,0,0
0.69,5.5,0,0,0,1,2019-09-19 10:15:51,2019-09-19 10:21:29,0,0 days 00:05:38.000000000,0,1,0,0
2.1,11.5,1,0,0,0,2019-01-07 10:55:12,2019-01-07 11:10:23,0,0 days 00:15:11.000000000,0,1,0,0
0.82,5.0,0,0,0,1,2019-10-25 07:07:54,2019-10-25 07:11:01,0,0 days 00:03:07.000000000,0,1,0,0
3.14,23.0,1,0,0,0,2019-12-12 20:16:32,2019-12-12 20:55:08,0,0 days 00:38:36.000000000,0,0,0,0
0.98,7.0,0,1,0,0,2019-04-22 18:43:44,2019-04-22 18:52:05,0,0 days 00:08:21.000000000,0,0,0,0
0.6,5.5,1,0,0,0,2019-02-26 15:25:05,2019-02-26 15:31:27,0,0 days 00:06:22.000000000,0,0,1,0
0.43,4.0,0,0,0,1,2019-10-25 23:22:00,2019-10-25 23:24:38,0,0 days 00:02:38.000000000,0,0,0,1
0.56,5.0,1,0,0,0,2019-12-23 13:47:12,2019-12-23 13:51:16,0,0 days 00:04:04.000000000,0,0,1,0
4.65,20.5,0,1,0,0,2019-03-06 07:35:07,2019-03-06 07:59:41,0,0 days 00:24:34.000000000,0,1,0,0
0.7,6.5,0,1,0,0,2019-03-09 01:42:41,2019-03-09 01:50:33,0,0 days 00:07:52.000000000,1,0,0,0
3.4,13.0,0,0,0,1,2019-10-06 11:33:10,2019-10-06 11:47:29,0,0 days 00:14:19.000000000,0,1,0,0
3.8,16.5,0,0,1,0,2019-06-25 20:18:16,2019-06-25 20:39:37,0,0 days 00:21:21.000000000,0,0,0,0
3.53,20.0,0,0,1,0,2019-06-08 13:26:11,2019-06-08 13:57:44,0,0 days 00:31:33.000000000,0,0,1,0
5.1,19.5,0,0,0,1,2019-10-08 19:14:25,2019-10-08 19:37:18,0,0 days 00:22:53.000000000,0,0,0,0
1.5,8.0,0,1,0,0,2019-05-04 16:28:25,2019-05-04 16:36:21,0,0 days 00:07:56.000000000,0,0,1,0
1.4,8.0,0,1,0,0,2019-05-24 20:36:38,2019-05-24 20:45:14,0,0 days 00:08:36.000000000,0,0,0,0
1.61,11.5,1,0,0,0,2019-12-14 13:19:37,2019-12-14 13:37:02,0,0 days 00:17:25.000000000,0,0,1,0
17.7,52.0,0,1,0,0,2019-04-21 08:34:09,2019-04-21 09:04:32,0,0 days 00:30:23.000000000,0,1,0,0
1.2,9.5,0,0,0,1,2019-09-12 09:02:29,2019-09-12 09:15:16,0,0 days 00:12:47.000000000,0,1,0,0
1.59,8.5,1,0,0,0,2019-01-09 12:10:15,2019-01-09 12:19:34,0,0 days 00:09:19.000000000,0,0,0,0
3.0,10.5,0,1,0,0,2019-03-04 23:00:35,2019-03-04 23:07:32,0,0 days 00:06:57.000000000,0,0,0,1
0.6,7.5,0,0,1,0,2019-06-17 15:00:04,2019-06-17 15:10:25,0,0 days 00:10:21.000000000,0,0,1,0
7.7,24.0,0,0,0,1,2019-09-30 04:09:06,2019-09-30 04:29:02,0,0 days 00:19:56.000000000,1,0,0,0
1.0,5.5,1,0,0,0,2019-12-02 21:42:41,2019-12-02 21:47:35,0,0 days 00:04:54.000000000,0,0,0,0
1.74,10.0,1,0,0,0,2019-02-08 08:17:28,2019-02-08 08:30:18,0,0 days 00:12:50.000000000,0,1,0,0
2.4,11.0,0,0,0,1,2019-10-27 20:19:26,2019-10-27 20:33:23,0,0 days 00:13:57.000000000,0,0,0,0
18.41,52.0,1,0,0,0,2019-12-20 14:48:36,2019-12-20 15:59:00,0,0 days 01:10:24.000000000,0,0,1,0
2.34,15.5,0,0,1,0,2019-06-14 11:03:42,2019-06-14 11:26:44,0,0 days 00:23:02.000000000,0,1,0,0
1.71,8.0,0,0,1,0,2019-06-20 02:45:01,2019-06-20 02:53:52,0,0 days 00:08:51.000000000,1,0,0,0
1.4,8.5,0,0,0,1,2019-11-17 22:04:23,2019-11-17 22:14:23,0,0 days 00:10:00.000000000,0,0,0,1
6.28,23.0,0,0,0,1,2019-09-17 22:25:22,2019-09-17 22:50:23,0,0 days 00:25:01.000000000,0,0,0,1
0.7,5.0,0,0,1,0,2019-06-16 14:55:57,2019-06-16 15:00:29,0,0 days 00:04:32.000000000,0,0,1,0
4.15,16.0,0,0,1,0,2019-06-15 15:25:47,2019-06-15 15:44:47,0,0 days 00:19:00.000000000,0,0,1,0
2.18,10.0,0,1,0,0,2019-05-06 10:20:26,2019-05-06 10:31:39,0,0 days 00:11:13.000000000,0,1,0,0
2.04,9.0,1,0,0,0,2019-02-09 02:50:30,2019-02-09 02:59:19,0,0 days 00:08:49.000000000,1,0,0,0
2.36,10.5,1,0,0,0,2019-01-25 19:36:56,2019-01-25 19:48:29,0,0 days 00:11:33.000000000,0,0,0,0
1.3,8.0,0,1,0,0,2019-03-15 19:28:56,2019-03-15 19:38:42,0,0 days 00:09:46.000000000,0,0,0,0
11.67,34.5,0,1,0,0,2019-04-04 00:01:29,2019-04-04 00:28:55,0,0 days 00:27:26.000000000,1,0,0,0
1.7,8.0,1,0,0,0,2019-01-22 22:58:54,2019-01-22 23:06:49,0,0 days 00:07:55.000000000,0,0,0,1
1.57,11.0,1,0,0,0,2019-12-05 08:38:08,2019-12-05 08:53:37,0,0 days 00:15:29.000000000,0,1,0,0
1.6,7.0,0,0,1,0,2019-06-17 00:53:41,2019-06-17 00:59:35,0,0 days 00:05:54.000000000,1,0,0,0
4.6,19.0,0,1,0,0,2019-04-17 22:23:40,2019-04-17 22:49:08,0,0 days 00:25:28.000000000,0,0,0,1
4.92,18.5,0,1,0,0,2019-04-23 18:08:40,2019-04-23 18:29:48,0,0 days 00:21:08.000000000,0,0,0,0
1.3,7.0,0,1,0,0,2019-03-07 20:43:08,2019-03-07 20:49:26,0,0 days 00:06:18.000000000,0,0,0,0
1.12,7.5,0,0,0,1,2019-10-31 14:50:54,2019-10-31 14:59:56,0,0 days 00:09:02.000000000,0,0,1,0
0.65,4.0,1,0,0,0,2019-02-08 17:01:45,2019-02-08 17:04:23,0,0 days 00:02:38.000000000,0,0,1,0
1.33,7.5,0,1,0,0,2019-04-25 18:26:52,2019-04-25 18:35:18,0,0 days 00:08:26.000000000,0,0,0,0
1.0,5.0,0,0,1,0,2019-08-23 01:16:27,2019-08-23 01:19:48,0,0 days 00:03:21.000000000,1,0,0,0
2.7,12.5,0,1,0,0,2019-05-04 22:45:17,2019-05-04 23:02:24,0,0 days 00:17:07.000000000,0,0,0,1
2.1,10.0,0,1,0,0,2019-03-31 13:28:42,2019-03-31 13:40:16,0,0 days 00:11:34.000000000,0,0,1,0
2.4,10.0,0,0,0,1,2019-10-19 00:53:15,2019-10-19 01:03:55,0,0 days 00:10:40.000000000,1,0,0,0
2.96,13.5,0,0,1,0,2019-08-24 15:07:55,2019-08-24 15:25:22,0,0 days 00:17:27.000000000,0,0,1,0
1.33,7.0,0,0,1,0,2019-07-05 01:13:09,2019-07-05 01:19:41,1,0 days 00:06:32.000000000,1,0,0,0
1.6,8.5,0,1,0,0,2019-05-10 21:00:44,2019-05-10 21:09:58,0,0 days 00:09:14.000000000,0,0,0,0
2.5,12.0,0,1,0,0,2019-03-01 17:22:05,2019-03-01 17:38:30,0,0 days 00:16:25.000000000,0,0,1,0
2.03,10.5,0,1,0,0,2019-04-09 19:27:07,2019-04-09 19:41:34,0,0 days 00:14:27.000000000,0,0,0,0
1.24,9.0,0,0,0,1,2019-09-23 08:17:17,2019-09-23 08:29:54,1,0 days 00:12:37.000000000,0,1,0,0
0.79,5.0,0,1,0,0,2019-03-19 06:13:19,2019-03-19 06:17:50,1,0 days 00:04:31.000000000,0,1,0,0
19.39,52.5,0,0,0,1,2019-11-24 18:20:59,2019-11-24 18:57:26,1,0 days 00:36:27.000000000,0,0,0,0
1.69,13.5,0,1,0,0,2019-05-21 12:49:12,2019-05-21 13:09:13,0,0 days 00:20:01.000000000,0,0,0,0
0.89,7.0,1,0,0,0,2019-12-07 21:54:06,2019-12-07 22:04:23,0,0 days 00:10:17.000000000,0,0,0,0
0.5,5.0,0,0,1,0,2019-08-03 11:52:31,2019-08-03 11:57:52,0,0 days 00:05:21.000000000,0,1,0,0
1.61,9.0,0,1,0,0,2019-03-31 17:58:59,2019-03-31 18:09:54,0,0 days 00:10:55.000000000,0,0,1,0
0.5,4.0,1,0,0,0,2019-02-25 10:10:54,2019-02-25 10:13:19,0,0 days 00:02:25.000000000,0,1,0,0
1.67,11.0,0,0,1,0,2019-06-28 11:49:31,2019-06-28 12:04:54,0,0 days 00:15:23.000000000,0,1,0,0
1.7,11.0,1,0,0,0,2019-02-25 15:25:41,2019-02-25 15:41:05,0,0 days 00:15:24.000000000,0,0,1,0
1.0,8.0,0,1,0,0,2019-03-13 18:24:40,2019-03-13 18:35:27,0,0 days 00:10:47.000000000,0,0,0,0
1.42,13.5,1,0,0,0,2019-12-17 10:35:18,2019-12-17 10:56:47,0,0 days 00:21:29.000000000,0,1,0,0
2.4,11.5,1,0,0,0,2019-12-28 12:30:49,2019-12-28 12:45:07,0,0 days 00:14:18.000000000,0,0,0,0
1.42,12.0,0,0,1,0,2019-06-26 14:25:51,2019-06-26 14:43:57,0,0 days 00:18:06.000000000,0,0,1,0
1.7,11.5,0,1,0,0,2019-03-23 17:56:10,2019-03-23 18:13:04,0,0 days 00:16:54.000000000,0,0,1,0
0.52,4.0,0,0,0,1,2019-11-29 20:23:00,2019-11-29 20:26:30,0,0 days 00:03:30.000000000,0,0,0,0
2.99,19.0,0,0,1,0,2019-06-30 18:47:41,2019-06-30 19:16:47,0,0 days 00:29:06.000000000,0,0,0,0
10.93,33.0,0,1,0,0,2019-03-09 03:35:42,2019-03-09 04:02:34,0,0 days 00:26:52.000000000,1,0,0,0
1.2,7.0,1,0,0,0,2019-01-22 14:27:11,2019-01-22 14:35:35,0,0 days 00:08:24.000000000,0,0,1,0
4.63,21.0,0,0,0,1,2019-10-08 08:04:18,2019-10-08 08:34:28,0,0 days 00:30:10.000000000,0,1,0,0
2.1,12.0,0,1,0,0,2019-04-30 11:00:14,2019-04-30 11:17:07,0,0 days 00:16:53.000000000,0,1,0,0
1.02,5.5,1,0,0,0,2019-02-01 06:36:13,2019-02-01 06:40:21,0,0 days 00:04:08.000000000,0,1,0,0
6.4,20.0,0,0,0,1,2019-09-17 01:39:49,2019-09-17 01:58:30,0,0 days 00:18:41.000000000,1,0,0,0
6.51,23.5,0,0,0,1,2019-09-12 00:26:05,2019-09-12 00:54:41,0,0 days 00:28:36.000000000,1,0,0,0
1.12,8.5,1,0,0,0,2019-02-25 19:05:57,2019-02-25 19:17:40,0,0 days 00:11:43.000000000,0,0,0,0
4.38,19.0,0,0,1,0,2019-06-11 12:12:52,2019-06-11 12:36:06,0,0 days 00:23:14.000000000,0,0,0,0
1.2,10.0,0,1,0,0,2019-04-16 16:50:06,2019-04-16 17:04:42,0,0 days 00:14:36.000000000,0,0,1,0
2.84,12.0,0,1,0,0,2019-03-23 17:29:19,2019-03-23 17:43:34,0,0 days 00:14:15.000000000,0,0,1,0
0.84,5.5,1,0,0,0,2019-02-09 15:52:33,2019-02-09 15:57:29,0,0 days 00:04:56.000000000,0,0,1,0
1.4,6.0,0,0,1,0,2019-08-12 15:38:11,2019-08-12 15:42:03,0,0 days 00:03:52.000000000,0,0,1,0
0.77,4.5,0,1,0,0,2019-04-18 07:43:59,2019-04-18 07:47:20,0,0 days 00:03:21.000000000,0,1,0,0
2.39,14.0,0,0,0,1,2019-11-30 13:06:11,2019-11-30 13:29:32,0,0 days 00:23:21.000000000,0,0,1,0
2.4,12.5,0,1,0,0,2019-04-12 18:31:35,2019-04-12 18:47:58,0,0 days 00:16:23.000000000,0,0,0,0
5.2,19.0,0,0,0,1,2019-10-21 00:48:35,2019-10-21 01:10:02,0,0 days 00:21:27.000000000,1,0,0,0
1.67,10.5,0,1,0,0,2019-05-07 18:19:31,2019-05-07 18:34:05,0,0 days 00:14:34.000000000,0,0,0,0
1.05,7.0,1,0,0,0,2019-12-23 17:44:35,2019-12-23 17:52:36,0,0 days 00:08:01.000000000,0,0,1,0
3.3,14.5,0,0,1,0,2019-06-03 22:48:37,2019-06-03 23:04:33,0,0 days 00:15:56.000000000,0,0,0,1
0.4,3.5,0,1,0,0,2019-05-20 01:18:41,2019-05-20 01:20:20,0,0 days 00:01:39.000000000,1,0,0,0
1.89,8.0,0,0,0,1,2019-09-17 11:47:22,2019-09-17 11:54:59,0,0 days 00:07:37.000000000,0,1,0,0
0.81,5.5,0,0,1,0,2019-06-13 21:45:56,2019-06-13 21:51:29,0,0 days 00:05:33.000000000,0,0,0,0
0.69,6.5,1,0,0,0,2019-01-10 17:22:14,2019-01-10 17:29:01,0,0 days 00:06:47.000000000,0,0,1,0
5.76,23.5,0,0,0,1,2019-11-07 10:00:19,2019-11-07 10:29:09,0,0 days 00:28:50.000000000,0,1,0,0
1.46,8.0,0,0,1,0,2019-06-05 23:35:44,2019-06-05 23:44:38,0,0 days 00:08:54.000000000,0,0,0,1
5.0,21.5,0,1,0,0,2019-03-14 22:58:32,2019-03-14 23:29:04,0,0 days 00:30:32.000000000,0,0,0,1
10.1,35.0,0,0,1,0,2019-06-08 23:45:42,2019-06-09 00:23:54,0,0 days 00:38:12.000000000,0,0,0,1
1.3,7.0,0,0,1,0,2019-08-09 18:21:23,2019-08-09 18:27:42,0,0 days 00:06:19.000000000,0,0,0,0
1.01,5.5,1,0,0,0,2019-12-31 10:36:03,2019-12-31 10:40:26,1,0 days 00:04:23.000000000,0,1,0,0
0.6,6.0,0,1,0,0,2019-05-20 16:02:31,2019-05-20 16:08:40,0,0 days 00:06:09.000000000,0,0,1,0
2.46,10.0,1,0,0,0,2019-01-31 21:32:03,2019-01-31 21:41:32,0,0 days 00:09:29.000000000,0,0,0,0
0.87,8.0,1,0,0,0,2019-12-11 19:29:29,2019-12-11 19:39:41,0,0 days 00:10:12.000000000,0,0,0,0
12.8,39.5,0,0,1,0,2019-08-20 23:14:22,2019-08-20 23:52:09,0,0 days 00:37:47.000000000,0,0,0,1
18.13,52.0,0,0,0,1,2019-11-17 14:37:47,2019-11-17 15:26:57,0,0 days 00:49:10.000000000,0,0,1,0
1.3,6.5,0,0,1,0,2019-08-03 08:54:21,2019-08-03 08:59:46,0,0 days 00:05:25.000000000,0,1,0,0
1.2,6.5,0,0,0,1,2019-11-20 07:45:48,2019-11-20 07:51:41,0,0 days 00:05:53.000000000,0,1,0,0
10.07,28.0,0,0,1,0,2019-07-30 01:14:08,2019-07-30 01:28:25,0,0 days 00:14:17.000000000,1,0,0,0
2.38,12.0,0,0,0,1,2019-10-31 19:46:36,2019-10-31 20:03:18,0,0 days 00:16:42.000000000,0,0,0,0
2.24,13.0,0,0,1,0,2019-07-02 08:52:44,2019-07-02 09:11:10,0,0 days 00:18:26.000000000,0,1,0,0
2.7,11.0,0,0,1,0,2019-07-10 02:14:31,2019-07-10 02:25:06,0,0 days 00:10:35.000000000,1,0,0,0
1.12,6.0,0,1,0,0,2019-03-27 18:05:05,2019-03-27 18:10:27,1,0 days 00:05:22.000000000,0,0,0,0
2.5,12.5,0,0,0,1,2019-11-18 20:03:32,2019-11-18 20:21:13,0,0 days 00:17:41.000000000,0,0,0,0
3.3,16.5,0,0,0,1,2019-10-28 17:24:38,2019-10-28 17:47:53,0,0 days 00:23:15.000000000,0,0,1,0
1.04,6.5,0,0,0,1,2019-09-09 21:40:28,2019-09-09 21:46:56,0,0 days 00:06:28.000000000,0,0,0,0
1.1,9.0,0,1,0,0,2019-04-16 11:37:24,2019-04-16 11:50:04,0,0 days 00:12:40.000000000,0,1,0,0
2.45,9.5,0,1,0,0,2019-04-14 01:04:15,2019-04-14 01:13:21,0,0 days 00:09:06.000000000,1,0,0,0
1.82,8.0,1,0,0,0,2019-12-08 14:52:03,2019-12-08 15:00:33,0,0 days 00:08:30.000000000,0,0,1,0
1.0,6.0,0,0,0,1,2019-10-17 14:46:36,2019-10-17 14:53:05,0,0 days 00:06:29.000000000,0,0,1,0
1.7,8.0,0,1,0,0,2019-03-11 11:03:21,2019-03-11 11:12:20,0,0 days 00:08:59.000000000,0,1,0,0
1.51,7.5,0,0,1,0,2019-06-04 19:59:52,2019-06-04 20:07:22,0,0 days 00:07:30.000000000,0,0,0,0
7.08,22.5,0,1,0,0,2019-04-23 00:52:42,2019-04-23 01:12:11,0,0 days 00:19:29.000000000,1,0,0,0
0.96,8.0,1,0,0,0,2019-02-27 09:10:31,2019-02-27 09:21:48,0,0 days 00:11:17.000000000,0,1,0,0
24.3,100.0,0,0,1,0,2019-06-24 23:31:00,2019-06-25 00:45:59,0,0 days 01:14:59.000000000,0,0,0,1
1.8,9.0,1,0,0,0,2019-02-28 23:36:59,2019-02-28 23:46:35,0,0 days 00:09:36.000000000,0,0,0,1
2.4,14.5,0,1,0,0,2019-04-24 16:03:39,2019-04-24 16:24:31,0,0 days 00:20:52.000000000,0,0,1,0
1.4,7.5,0,1,0,0,2019-05-08 19:08:26,2019-05-08 19:17:12,0,0 days 00:08:46.000000000,0,0,0,0
11.74,36.5,0,0,1,0,2019-06-11 20:18:29,2019-06-11 20:53:26,0,0 days 00:34:57.000000000,0,0,0,0
1.1,5.5,0,0,1,0,2019-06-10 23:47:21,2019-06-10 23:51:32,0,0 days 00:04:11.000000000,0,0,0,1
1.31,6.5,0,0,1,0,2019-08-18 13:24:58,2019-08-18 13:31:36,0,0 days 00:06:38.000000000,0,0,1,0
0.91,9.5,1,0,0,0,2019-01-26 11:53:57,2019-01-26 12:09:14,0,0 days 00:15:17.000000000,0,1,0,0
1.5,7.5,0,0,1,0,2019-06-05 07:58:47,2019-06-05 08:07:45,0,0 days 00:08:58.000000000,0,1,0,0
2.3,9.5,1,0,0,0,2019-01-30 18:06:03,2019-01-30 18:16:47,0,0 days 00:10:44.000000000,0,0,0,0
2.56,11.5,1,0,0,0,2019-12-28 15:35:00,2019-12-28 15:47:45,0,0 days 00:12:45.000000000,0,0,1,0
1.46,8.0,0,1,0,0,2019-03-03 01:52:31,2019-03-03 02:01:43,0,0 days 00:09:12.000000000,1,0,0,0
1.88,9.0,0,1,0,0,2019-03-24 10:33:57,2019-03-24 10:44:19,0,0 days 00:10:22.000000000,0,1,0,0
11.02,32.0,1,0,0,0,2019-01-10 13:42:06,2019-01-10 14:04:10,0,0 days 00:22:04.000000000,0,0,1,0
5.05,17.0,0,0,0,1,2019-09-05 11:24:30,2019-09-05 11:39:53,1,0 days 00:15:23.000000000,0,1,0,0
2.45,13.0,0,1,0,0,2019-05-10 13:18:32,2019-05-10 13:36:06,0,0 days 00:17:34.000000000,0,0,1,0
0.67,4.5,0,1,0,0,2019-05-01 08:31:58,2019-05-01 08:35:05,0,0 days 00:03:07.000000000,0,1,0,0
0.4,4.5,0,1,0,0,2019-04-05 20:16:01,2019-04-05 20:20:20,0,0 days 00:04:19.000000000,0,0,0,0
1.0,5.5,0,1,0,0,2019-03-02 12:51:00,2019-03-02 12:55:35,0,0 days 00:04:35.000000000,0,0,0,0
2.95,12.5,0,1,0,0,2019-05-25 16:15:32,2019-05-25 16:31:00,0,0 days 00:15:28.000000000,0,0,1,0
2.56,12.5,0,1,0,0,2019-04-17 20:13:49,2019-04-17 20:29:51,0,0 days 00:16:02.000000000,0,0,0,0
12.6,38.0,0,1,0,0,2019-05-25 22:56:26,2019-05-25 23:27:40,0,0 days 00:31:14.000000000,0,0,0,1
0.51,5.0,0,0,0,1,2019-11-06 14:29:42,2019-11-06 14:35:13,0,0 days 00:05:31.000000000,0,0,1,0
3.08,12.5,0,1,0,0,2019-04-30 08:48:53,2019-04-30 09:02:40,0,0 days 00:13:47.000000000,0,1,0,0
0.74,5.0,1,0,0,0,2019-02-14 19:06:57,2019-02-14 19:12:06,0,0 days 00:05:09.000000000,0,0,0,0
0.8,6.5,0,0,0,1,2019-10-08 17:06:46,2019-10-08 17:14:08,0,0 days 00:07:22.000000000,0,0,1,0
2.3,10.5,0,1,0,0,2019-03-04 20:24:10,2019-03-04 20:36:25,0,0 days 00:12:15.000000000,0,0,0,0
1.7,8.0,1,0,0,0,2019-02-15 07:26:27,2019-02-15 07:34:45,0,0 days 00:08:18.000000000,0,1,0,0
1.14,6.5,0,1,0,0,2019-03-01 22:28:27,2019-03-01 22:34:33,0,0 days 00:06:06.000000000,0,0,0,1
1.47,8.0,0,1,0,0,2019-05-04 13:41:58,2019-05-04 13:50:35,0,0 days 00:08:37.000000000,0,0,1,0
0.3,3.5,0,1,0,0,2019-04-09 00:24:56,2019-04-09 00:26:40,0,0 days 00:01:44.000000000,1,0,0,0
13.03,56.0,1,0,0,0,2019-01-01 14:21:50,2019-01-01 14:53:42,0,0 days 00:31:52.000000000,0,0,1,0
8.5,26.0,1,0,0,0,2019-12-02 00:05:59,2019-12-02 00:26:53,0,0 days 00:20:54.000000000,1,0,0,0
1.87,13.0,0,0,0,1,2019-11-12 15:29:25,2019-11-12 15:48:40,0,0 days 00:19:15.000000000,0,0,1,0
3.36,12.0,1,0,0,0,2019-01-13 01:32:31,2019-01-13 01:44:02,0,0 days 00:11:31.000000000,1,0,0,0
1.05,5.0,1,0,0,0,2019-01-24 20:37:22,2019-01-24 20:39:59,0,0 days 00:02:37.000000000,0,0,0,0
0.39,4.5,1,0,0,0,2019-02-04 16:31:53,2019-02-04 16:35:53,0,0 days 00:04:00.000000000,0,0,1,0
2.1,10.5,0,0,0,1,2019-10-24 07:41:11,2019-10-24 07:55:04,0,0 days 00:13:53.000000000,0,1,0,0
1.84,8.5,0,1,0,0,2019-03-02 23:12:37,2019-03-02 23:22:26,0,0 days 00:09:49.000000000,0,0,0,1
1.5,7.5,1,0,0,0,2019-02-26 20:27:39,2019-02-26 20:34:45,0,0 days 00:07:06.000000000,0,0,0,0
1.5,19.5,1,0,0,0,2019-12-30 15:43:05,2019-12-30 16:17:15,1,0 days 00:34:10.000000000,0,0,1,0
1.25,7.0,1,0,0,0,2019-01-18 16:19:26,2019-01-18 16:27:16,0,0 days 00:07:50.000000000,0,0,1,0
1.68,12.0,0,0,0,1,2019-09-07 19:44:15,2019-09-07 20:02:28,0,0 days 00:18:13.000000000,0,0,0,0
8.6,34.0,0,1,0,0,2019-04-18 18:40:33,2019-04-18 19:24:26,0,0 days 00:43:53.000000000,0,0,0,0
2.28,11.0,0,0,0,1,2019-10-13 16:24:14,2019-10-13 16:37:00,0,0 days 00:12:46.000000000,0,0,1,0
1.4,9.0,1,0,0,0,2019-01-25 20:48:29,2019-01-25 21:00:44,0,0 days 00:12:15.000000000,0,0,0,0
0.83,7.0,1,0,0,0,2019-12-02 14:51:08,2019-12-02 14:59:43,0,0 days 00:08:35.000000000,0,0,1,0
8.1,24.5,0,0,0,1,2019-10-01 00:08:17,2019-10-01 00:27:26,0,0 days 00:19:09.000000000,1,0,0,0
1.16,6.5,0,1,0,0,2019-05-27 21:38:58,2019-05-27 21:45:14,0,0 days 00:06:16.000000000,0,0,0,0
0.63,6.0,0,1,0,0,2019-04-16 08:44:05,2019-04-16 08:51:08,0,0 days 00:07:03.000000000,0,1,0,0
5.57,20.0,0,0,0,1,2019-11-04 20:13:11,2019-11-04 20:34:31,0,0 days 00:21:20.000000000,0,0,0,0
1.3,7.5,0,0,1,0,2019-07-09 22:57:05,2019-07-09 23:05:18,0,0 days 00:08:13.000000000,0,0,0,1
0.66,5.5,1,0,0,0,2019-12-20 19:09:59,2019-12-20 19:15:35,0,0 days 00:05:36.000000000,0,0,0,0
0.28,3.5,0,0,1,0,2019-07-31 14:59:46,2019-07-31 15:01:47,0,0 days 00:02:01.000000000,0,0,1,0
4.0,14.5,0,0,1,0,2019-06-09 21:36:02,2019-06-09 21:51:48,0,0 days 00:15:46.000000000,0,0,0,0
0.69,5.0,1,0,0,0,2019-02-19 10:58:44,2019-02-19 11:04:10,0,0 days 00:05:26.000000000,0,1,0,0
1.32,6.5,0,0,1,0,2019-08-18 16:46:54,2019-08-18 16:53:41,0,0 days 00:06:47.000000000,0,0,1,0
0.7,5.0,1,0,0,0,2019-01-05 20:04:00,2019-01-05 20:08:18,0,0 days 00:04:18.000000000,0,0,0,0
2.66,12.5,0,1,0,0,2019-03-09 18:03:57,2019-03-09 18:20:21,0,0 days 00:16:24.000000000,0,0,0,0
16.96,61.5,0,1,0,0,2019-05-07 13:35:42,2019-05-07 14:50:52,0,0 days 01:15:10.000000000,0,0,1,0
13.45,43.5,0,1,0,0,2019-03-19 12:45:23,2019-03-19 13:26:08,1,0 days 00:40:45.000000000,0,0,0,0
0.99,7.0,0,1,0,0,2019-05-21 20:06:36,2019-05-21 20:14:53,0,0 days 00:08:17.000000000,0,0,0,0
2.2,9.0,0,0,1,0,2019-08-23 03:08:44,2019-08-23 03:15:59,0,0 days 00:07:15.000000000,1,0,0,0
0.44,3.5,1,0,0,0,2019-01-26 19:51:57,2019-01-26 19:54:13,0,0 days 00:02:16.000000000,0,0,0,0
0.55,5.0,1,0,0,0,2019-12-14 23:45:34,2019-12-14 23:49:58,0,0 days 00:04:24.000000000,0,0,0,1
4.4,37.0,1,0,0,0,2019-12-04 16:49:58,2019-12-04 17:55:19,0,0 days 01:05:21.000000000,0,0,1,0
1.3,7.0,0,0,1,0,2019-06-13 16:32:29,2019-06-13 16:40:50,0,0 days 00:08:21.000000000,0,0,1,0
1.8,7.5,0,0,0,1,2019-11-24 22:37:56,2019-11-24 22:44:27,1,0 days 00:06:31.000000000,0,0,0,1
1.4,7.0,0,0,1,0,2019-06-11 16:18:41,2019-06-11 16:25:11,0,0 days 00:06:30.000000000,0,0,1,0
2.1,10.5,1,0,0,0,2019-12-28 18:36:24,2019-12-28 18:48:59,0,0 days 00:12:35.000000000,0,0,0,0
1.32,9.5,0,0,1,0,2019-07-28 15:42:43,2019-07-28 15:55:46,0,0 days 00:13:03.000000000,0,0,1,0
3.0,14.0,0,0,1,0,2019-06-07 13:12:40,2019-06-07 13:30:24,0,0 days 00:17:44.000000000,0,0,1,0
1.0,9.0,0,0,1,0,2019-07-17 14:29:07,2019-07-17 14:41:49,0,0 days 00:12:42.000000000,0,0,1,0
1.86,11.5,1,0,0,0,2019-01-12 12:24:48,2019-01-12 12:40:55,0,0 days 00:16:07.000000000,0,0,0,0
0.43,4.0,0,0,0,1,2019-11-03 10:10:04,2019-11-03 10:13:17,0,0 days 00:03:13.000000000,0,1,0,0
1.4,9.0,0,0,0,1,2019-11-26 19:42:27,2019-11-26 19:54:03,0,0 days 00:11:36.000000000,0,0,0,0
5.04,18.0,0,0,1,0,2019-08-15 22:36:28,2019-08-15 22:56:07,0,0 days 00:19:39.000000000,0,0,0,1
1.14,7.0,1,0,0,0,2019-02-15 23:55:02,2019-02-16 00:03:06,0,0 days 00:08:04.000000000,0,0,0,1
3.12,13.5,0,1,0,0,2019-04-11 20:19:12,2019-04-11 20:34:58,0,0 days 00:15:46.000000000,0,0,0,0
1.71,9.0,0,0,1,0,2019-07-15 19:00:08,2019-07-15 19:12:51,0,0 days 00:12:43.000000000,0,0,0,0
1.64,9.0,0,0,1,0,2019-06-23 08:18:10,2019-06-23 08:28:09,0,0 days 00:09:59.000000000,0,1,0,0
2.28,10.5,0,1,0,0,2019-05-09 00:15:48,2019-05-09 00:27:03,0,0 days 00:11:15.000000000,1,0,0,0
2.29,11.5,0,1,0,0,2019-03-19 15:38:03,2019-03-19 15:52:43,1,0 days 00:14:40.000000000,0,0,1,0
2.3,14.5,0,0,1,0,2019-08-10 15:55:07,2019-08-10 16:15:13,0,0 days 00:20:06.000000000,0,0,1,0
1.6,8.5,0,1,0,0,2019-05-26 19:58:54,2019-05-26 20:09:34,0,0 days 00:10:40.000000000,0,0,0,0
2.0,12.5,0,1,0,0,2019-05-07 10:10:58,2019-05-07 10:29:26,0,0 days 00:18:28.000000000,0,1,0,0
2.0,8.0,1,0,0,0,2019-01-04 19:39:29,2019-01-04 19:47:26,0,0 days 00:07:57.000000000,0,0,0,0
3.24,15.0,1,0,0,0,2019-12-14 00:20:05,2019-12-14 00:39:09,0,0 days 00:19:04.000000000,1,0,0,0
1.38,7.0,0,0,1,0,2019-07-27 21:52:29,2019-07-27 21:59:31,0,0 days 00:07:02.000000000,0,0,0,0
1.0,6.0,1,0,0,0,2019-01-01 16:54:29,2019-01-01 17:00:13,0,0 days 00:05:44.000000000,0,0,1,0
9.8,30.0,0,1,0,0,2019-04-02 11:52:46,2019-04-02 12:16:58,0,0 days 00:24:12.000000000,0,1,0,0
4.52,17.0,1,0,0,0,2019-01-13 00:27:15,2019-01-13 00:46:53,0,0 days 00:19:38.000000000,1,0,0,0
2.18,11.0,0,1,0,0,2019-03-19 19:45:35,2019-03-19 19:59:39,1,0 days 00:14:04.000000000,0,0,0,0
0.82,5.0,0,1,0,0,2019-03-05 09:12:39,2019-03-05 09:16:41,0,0 days 00:04:02.000000000,0,1,0,0
0.5,5.0,0,0,0,1,2019-10-26 13:19:33,2019-10-26 13:24:47,0,0 days 00:05:14.000000000,0,0,1,0
0.6,6.5,0,1,0,0,2019-03-14 22:55:47,2019-03-14 23:03:22,0,0 days 00:07:35.000000000,0,0,0,1
4.03,14.0,1,0,0,0,2019-02-24 13:12:16,2019-02-24 13:24:06,0,0 days 00:11:50.000000000,0,0,1,0
2.18,9.5,1,0,0,0,2019-12-19 07:34:26,2019-12-19 07:44:39,0,0 days 00:10:13.000000000,0,1,0,0
1.5,8.0,0,0,1,0,2019-06-12 20:49:47,2019-06-12 20:58:35,0,0 days 00:08:48.000000000,0,0,0,0
6.2,23.5,0,0,0,1,2019-11-02 09:43:19,2019-11-02 10:14:28,0,0 days 00:31:09.000000000,0,1,0,0
0.7,5.0,0,1,0,0,2019-04-08 10:46:21,2019-04-08 10:51:09,0,0 days 00:04:48.000000000,0,1,0,0
1.3,11.5,0,0,0,1,2019-11-26 09:52:08,2019-11-26 10:09:52,0,0 days 00:17:44.000000000,0,1,0,0
10.9,32.0,0,0,1,0,2019-08-04 23:36:26,2019-08-04 23:57:28,0,0 days 00:21:02.000000000,0,0,0,1
1.7,14.0,0,0,1,0,2019-06-07 18:23:00,2019-06-07 18:45:11,0,0 days 00:22:11.000000000,0,0,0,0
3.5,15.5,0,0,0,1,2019-10-04 22:25:48,2019-10-04 22:45:06,0,0 days 00:19:18.000000000,0,0,0,1
0.64,5.5,0,1,0,0,2019-03-19 13:19:20,2019-03-19 13:24:38,1,0 days 00:05:18.000000000,0,0,1,0
0.55,6.0,1,0,0,0,2019-12-22 12:00:13,2019-12-22 12:07:58,0,0 days 00:07:45.000000000,0,0,0,0
0.47,5.5,1,0,0,0,2019-01-03 11:17:14,2019-01-03 11:23:21,0,0 days 00:06:07.000000000,0,1,0,0
1.01,5.5,0,1,0,0,2019-05-18 07:49:24,2019-05-18 07:54:33,0,0 days 00:05:09.000000000,0,1,0,0
19.5,52.5,0,1,0,0,2019-04-15 01:09:48,2019-04-15 01:41:48,0,0 days 00:32:00.000000000,1,0,0,0
4.44,22.5,0,0,0,1,2019-10-09 12:19:54,2019-10-09 12:53:37,0,0 days 00:33:43.000000000,0,0,0,0
1.4,8.0,1,0,0,0,2019-02-22 23:44:00,2019-02-22 23:54:11,0,0 days 00:10:11.000000000,0,0,0,1
2.13,11.0,1,0,0,0,2019-01-04 07:29:45,2019-01-04 07:44:00,0,0 days 00:14:15.000000000,0,1,0,0
6.9,22.0,0,1,0,0,2019-05-13 19:26:45,2019-05-13 19:47:16,0,0 days 00:20:31.000000000,0,0,0,0
0.94,9.5,0,0,0,1,2019-11-25 19:05:55,2019-11-25 19:19:28,0,0 days 00:13:33.000000000,0,0,0,0
11.0,30.0,0,0,1,0,2019-08-03 08:19:44,2019-08-03 08:37:27,0,0 days 00:17:43.000000000,0,1,0,0
2.47,11.0,1,0,0,0,2019-12-29 21:36:24,2019-12-29 21:49:55,0,0 days 00:13:31.000000000,0,0,0,0
0.9,6.5,0,1,0,0,2019-05-30 10:01:26,2019-05-30 10:08:21,1,0 days 00:06:55.000000000,0,1,0,0
1.37,12.0,0,1,0,0,2019-05-02 13:48:51,2019-05-02 14:07:44,0,0 days 00:18:53.000000000,0,0,1,0
2.2,10.5,0,0,0,1,2019-09-13 02:45:28,2019-09-13 02:56:38,0,0 days 00:11:10.000000000,1,0,0,0
0.9,7.0,0,0,1,0,2019-08-19 19:52:04,2019-08-19 20:00:32,0,0 days 00:08:28.000000000,0,0,0,0
1.95,12.5,0,0,0,1,2019-11-09 17:28:52,2019-11-09 17:47:12,0,0 days 00:18:20.000000000,0,0,1,0
0.95,6.5,1,0,0,0,2019-01-24 18:44:05,2019-01-24 18:51:34,0,0 days 00:07:29.000000000,0,0,0,0
1.12,6.5,0,0,1,0,2019-08-08 00:16:41,2019-08-08 00:22:36,0,0 days 00:05:55.000000000,1,0,0,0
2.0,14.0,0,0,1,0,2019-08-15 14:15:35,2019-08-15 14:37:11,0,0 days 00:21:36.000000000,0,0,1,0
2.6,13.0,0,0,1,0,2019-06-22 22:36:28,2019-06-22 22:54:24,0,0 days 00:17:56.000000000,0,0,0,1
1.65,8.5,0,0,1,0,2019-08-10 01:16:50,2019-08-10 01:26:27,0,0 days 00:09:37.000000000,1,0,0,0
14.54,38.5,0,0,1,0,2019-08-15 01:02:24,2019-08-15 01:22:07,0,0 days 00:19:43.000000000,1,0,0,0
0.8,6.5,0,1,0,0,2019-03-19 14:05:35,2019-03-19 14:12:00,1,0 days 00:06:25.000000000,0,0,1,0
3.2,13.0,0,0,1,0,2019-08-06 22:09:54,2019-08-06 22:24:39,0,0 days 00:14:45.000000000,0,0,0,1
9.94,28.5,0,0,1,0,2019-06-26 21:36:01,2019-06-26 21:56:59,0,0 days 00:20:58.000000000,0,0,0,0
0.5,6.0,0,0,1,0,2019-07-09 17:08:29,2019-07-09 17:15:01,0,0 days 00:06:32.000000000,0,0,1,0
4.39,13.5,0,1,0,0,2019-03-28 14:16:24,2019-03-28 14:24:05,0,0 days 00:07:41.000000000,0,0,1,0
10.02,29.5,0,0,0,1,2019-10-16 06:14:33,2019-10-16 06:37:41,0,0 days 00:23:08.000000000,0,1,0,0
1.47,7.0,0,0,1,0,2019-06-26 10:39:39,2019-06-26 10:46:42,0,0 days 00:07:03.000000000,0,1,0,0
0.8,9.0,0,1,0,0,2019-03-06 16:41:51,2019-03-06 16:54:56,0,0 days 00:13:05.000000000,0,0,1,0
11.52,34.5,0,0,0,1,2019-10-25 14:26:27,2019-10-25 14:59:08,0,0 days 00:32:41.000000000,0,0,1,0
3.87,19.5,0,1,0,0,2019-04-04 12:23:45,2019-04-04 12:50:47,0,0 days 00:27:02.000000000,0,0,0,0
0.5,5.0,1,0,0,0,2019-02-14 15:48:36,2019-02-14 15:53:03,0,0 days 00:04:27.000000000,0,0,1,0
1.0,6.0,0,0,1,0,2019-07-01 13:31:31,2019-07-01 13:38:30,0,0 days 00:06:59.000000000,0,0,1,0
1.7,18.5,0,0,0,1,2019-09-06 12:49:44,2019-09-06 13:21:02,0,0 days 00:31:18.000000000,0,0,0,0
0.7,6.5,0,0,1,0,2019-06-05 14:28:56,2019-06-05 14:36:30,0,0 days 00:07:34.000000000,0,0,1,0
2.94,14.0,0,0,0,1,2019-09-16 20:27:28,2019-09-16 20:46:47,0,0 days 00:19:19.000000000,0,0,0,0
1.71,8.0,0,0,0,1,2019-11-14 23:17:05,2019-11-14 23:25:37,0,0 days 00:08:32.000000000,0,0,0,1
16.11,44.5,1,0,0,0,2019-02-14 06:33:29,2019-02-14 07:02:50,0,0 days 00:29:21.000000000,0,1,0,0
0.7,4.5,1,0,0,0,2019-12-23 20:39:34,2019-12-23 20:42:03,0,0 days 00:02:29.000000000,0,0,0,0
4.0,18.0,1,0,0,0,2019-01-15 18:43:35,2019-01-15 19:09:18,0,0 days 00:25:43.000000000,0,0,0,0
0.7,5.5,0,0,1,0,2019-08-21 15:51:36,2019-08-21 15:57:12,0,0 days 00:05:36.000000000,0,0,1,0
0.83,5.5,1,0,0,0,2019-12-03 08:30:23,2019-12-03 08:35:02,0,0 days 00:04:39.000000000,0,1,0,0
0.9,5.5,0,0,0,1,2019-11-05 17:06:47,2019-11-05 17:12:45,0,0 days 00:05:58.000000000,0,0,1,0
1.17,6.5,0,1,0,0,2019-03-19 16:47:32,2019-03-19 16:54:42,1,0 days 00:07:10.000000000,0,0,1,0
1.2,8.0,1,0,0,0,2019-01-18 15:22:45,2019-01-18 15:37:13,0,0 days 00:14:28.000000000,0,0,1,0
7.59,23.0,0,0,0,1,2019-10-22 23:27:15,2019-10-22 23:47:44,0,0 days 00:20:29.000000000,0,0,0,1
3.73,13.5,0,1,0,0,2019-03-09 03:21:57,2019-03-09 03:36:39,0,0 days 00:14:42.000000000,1,0,0,0
6.52,20.0,0,0,0,1,2019-09-17 15:15:33,2019-09-17 15:32:49,0,0 days 00:17:16.000000000,0,0,1,0
1.11,9.5,1,0,0,0,2019-12-16 15:29:11,2019-12-16 15:44:09,0,0 days 00:14:58.000000000,0,0,1,0
26.14,106.0,0,0,0,1,2019-10-16 16:43:49,2019-10-16 18:02:58,0,0 days 01:19:09.000000000,0,0,1,0
2.4,9.5,0,1,0,0,2019-03-03 01:28:18,2019-03-03 01:38:49,0,0 days 00:10:31.000000000,1,0,0,0
1.4,8.5,0,0,1,0,2019-07-16 14:58:31,2019-07-16 15:09:10,0,0 days 00:10:39.000000000,0,0,1,0
0.9,7.5,1,0,0,0,2019-02-13 16:59:49,2019-02-13 17:09:00,0,0 days 00:09:11.000000000,0,0,1,0
0.72,4.5,0,1,0,0,2019-03-17 04:30:47,2019-03-17 04:33:27,0,0 days 00:02:40.000000000,1,0,0,0
0.8,6.0,0,0,1,0,2019-08-10 18:24:52,2019-08-10 18:31:21,0,0 days 00:06:29.000000000,0,0,0,0
2.3,14.5,0,0,0,1,2019-10-22 21:08:00,2019-10-22 21:30:22,0,0 days 00:22:22.000000000,0,0,0,0
1.89,16.0,1,0,0,0,2019-02-27 09:43:12,2019-02-27 10:09:38,0,0 days 00:26:26.000000000,0,1,0,0
0.71,4.5,0,1,0,0,2019-04-09 23:56:58,2019-04-10 00:00:05,0,0 days 00:03:07.000000000,0,0,0,1
1.92,9.0,0,0,1,0,2019-06-04 19:55:00,2019-06-04 20:05:21,0,0 days 00:10:21.000000000,0,0,0,0
7.19,22.0,0,1,0,0,2019-05-08 01:39:52,2019-05-08 01:55:33,0,0 days 00:15:41.000000000,1,0,0,0
3.0,11.0,0,1,0,0,2019-04-26 09:17:15,2019-04-26 09:26:09,0,0 days 00:08:54.000000000,0,1,0,0
5.82,19.5,0,1,0,0,2019-05-18 14:38:18,2019-05-18 14:57:00,0,0 days 00:18:42.000000000,0,0,1,0
6.87,29.0,1,0,0,0,2019-12-12 14:40:21,2019-12-12 15:19:06,0,0 days 00:38:45.000000000,0,0,1,0
0.65,4.5,0,0,0,1,2019-11-05 15:32:52,2019-11-05 15:36:47,0,0 days 00:03:55.000000000,0,0,1,0
0.4,4.0,0,1,0,0,2019-03-12 12:22:37,2019-03-12 12:25:28,0,0 days 00:02:51.000000000,0,0,0,0
1.0,5.5,0,0,0,1,2019-11-07 21:48:23,2019-11-07 21:52:30,0,0 days 00:04:07.000000000,0,0,0,0
1.06,13.0,1,0,0,0,2019-02-20 09:26:11,2019-02-20 09:47:14,0,0 days 00:21:03.000000000,0,1,0,0
3.14,12.5,0,0,1,0,2019-06-07 01:59:30,2019-06-07 02:12:31,0,0 days 00:13:01.000000000,1,0,0,0
1.54,7.5,1,0,0,0,2019-01-01 13:55:40,2019-01-01 14:03:29,0,0 days 00:07:49.000000000,0,0,1,0
1.98,10.5,0,1,0,0,2019-05-23 08:55:34,2019-05-23 09:08:33,0,0 days 00:12:59.000000000,0,1,0,0
0.64,5.5,0,0,0,1,2019-09-05 12:27:57,2019-09-05 12:33:57,1,0 days 00:06:00.000000000,0,0,0,0
2.44,11.0,1,0,0,0,2019-12-04 21:19:09,2019-12-04 21:31:07,0,0 days 00:11:58.000000000,0,0,0,0
1.1,7.5,0,0,1,0,2019-07-30 11:10:55,2019-07-30 11:21:47,0,0 days 00:10:52.000000000,0,1,0,0
2.24,16.5,0,0,0,1,2019-10-04 09:57:08,2019-10-04 10:23:03,0,0 days 00:25:55.000000000,0,1,0,0
0.99,7.5,0,0,1,0,2019-06-29 13:07:09,2019-06-29 13:17:08,0,0 days 00:09:59.000000000,0,0,1,0
2.6,10.0,1,0,0,0,2019-12-29 08:27:14,2019-12-29 08:34:51,0,0 days 00:07:37.000000000,0,1,0,0
2.82,11.5,0,0,0,1,2019-10-22 06:20:43,2019-10-22 06:33:29,0,0 days 00:12:46.000000000,0,1,0,0
1.1,7.0,0,1,0,0,2019-03-28 19:43:48,2019-03-28 19:51:18,0,0 days 00:07:30.000000000,0,0,0,0
1.42,7.0,0,0,1,0,2019-07-27 03:18:52,2019-07-27 03:26:14,0,0 days 00:07:22.000000000,1,0,0,0
0.59,4.0,0,0,0,1,2019-11-22 18:09:08,2019-11-22 18:11:55,0,0 days 00:02:47.000000000,0,0,0,0
2.0,10.5,0,0,1,0,2019-06-12 12:09:11,2019-06-12 12:22:51,0,0 days 00:13:40.000000000,0,0,0,0
1.45,11.5,0,0,0,1,2019-10-03 10:34:23,2019-10-03 10:50:30,0,0 days 00:16:07.000000000,0,1,0,0
2.6,10.0,0,0,0,1,2019-10-17 06:10:30,2019-10-17 06:20:07,0,0 days 00:09:37.000000000,0,1,0,0
4.28,16.5,1,0,0,0,2019-01-28 15:50:01,2019-01-28 16:07:51,0,0 days 00:17:50.000000000,0,0,1,0
0.9,5.5,0,0,1,0,2019-07-01 06:36:43,2019-07-01 06:41:39,0,0 days 00:04:56.000000000,0,1,0,0
1.4,11.0,0,0,0,1,2019-10-31 08:14:20,2019-10-31 08:30:38,0,0 days 00:16:18.000000000,0,1,0,0
8.51,27.0,0,0,1,0,2019-06-03 07:34:59,2019-06-03 08:07:09,0,0 days 00:32:10.000000000,0,1,0,0
6.5,21.0,0,0,1,0,2019-08-28 14:01:13,2019-08-28 14:22:26,0,0 days 00:21:13.000000000,0,0,1,0
3.49,17.0,0,0,1,0,2019-07-24 11:29:54,2019-07-24 11:53:01,0,0 days 00:23:07.000000000,0,1,0,0
0.95,7.0,0,1,0,0,2019-04-10 17:16:18,2019-04-10 17:24:29,0,0 days 00:08:11.000000000,0,0,1,0
2.45,13.0,1,0,0,0,2019-12-22 15:42:57,2019-12-22 16:02:43,0,0 days 00:19:46.000000000,0,0,1,0
1.46,8.0,0,0,0,1,2019-11-30 00:20:13,2019-11-30 00:28:51,0,0 days 00:08:38.000000000,1,0,0,0
6.91,25.5,0,0,1,0,2019-07-30 21:58:43,2019-07-30 22:28:58,0,0 days 00:30:15.000000000,0,0,0,0
16.7,52.0,0,0,0,1,2019-09-18 20:06:13,2019-09-18 20:42:12,0,0 days 00:35:59.000000000,0,0,0,0
0.86,6.5,0,0,1,0,2019-08-29 12:00:27,2019-08-29 12:07:50,0,0 days 00:07:23.000000000,0,0,0,0
1.49,10.0,0,1,0,0,2019-05-23 16:01:20,2019-05-23 16:15:14,0,0 days 00:13:54.000000000,0,0,1,0
3.8,20.5,0,0,1,0,2019-06-03 11:06:19,2019-06-03 11:37:58,0,0 days 00:31:39.000000000,0,1,0,0
12.0,43.5,0,0,1,0,2019-06-19 09:19:41,2019-06-19 10:17:52,0,0 days 00:58:11.000000000,0,1,0,0
2.3,12.5,0,1,0,0,2019-05-05 14:08:33,2019-05-05 14:25:00,0,0 days 00:16:27.000000000,0,0,1,0
4.17,18.5,0,1,0,0,2019-04-30 06:38:56,2019-04-30 07:01:23,0,0 days 00:22:27.000000000,0,1,0,0
4.86,15.5,0,0,1,0,2019-08-10 17:21:22,2019-08-10 17:33:31,0,0 days 00:12:09.000000000,0,0,1,0
1.16,8.0,1,0,0,0,2019-02-11 09:28:12,2019-02-11 09:39:00,0,0 days 00:10:48.000000000,0,1,0,0
1.0,6.0,0,0,1,0,2019-06-17 17:15:19,2019-06-17 17:21:09,0,0 days 00:05:50.000000000,0,0,1,0
0.6,6.0,0,1,0,0,2019-04-21 14:56:58,2019-04-21 15:04:15,0,0 days 00:07:17.000000000,0,0,1,0
1.39,8.5,0,0,1,0,2019-06-17 14:52:23,2019-06-17 15:01:51,0,0 days 00:09:28.000000000,0,0,1,0
1.17,6.5,0,0,1,0,2019-08-08 21:37:36,2019-08-08 21:44:06,0,0 days 00:06:30.000000000,0,0,0,0
4.7,16.0,1,0,0,0,2019-02-27 23:37:59,2019-02-27 23:53:12,0,0 days 00:15:13.000000000,0,0,0,1
1.2,7.0,0,0,1,0,2019-06-29 03:49:59,2019-06-29 03:57:31,0,0 days 00:07:32.000000000,1,0,0,0
0.83,5.5,1,0,0,0,2019-02-09 13:38:40,2019-02-09 13:44:14,0,0 days 00:05:34.000000000,0,0,1,0
1.34,10.5,0,1,0,0,2019-05-31 16:45:39,2019-05-31 17:00:57,0,0 days 00:15:18.000000000,0,0,1,0
1.3,8.5,0,0,0,1,2019-09-23 18:42:42,2019-09-23 18:53:42,1,0 days 00:11:00.000000000,0,0,0,0
3.6,17.5,1,0,0,0,2019-12-18 10:24:14,2019-12-18 10:47:14,0,0 days 00:23:00.000000000,0,1,0,0
0.37,4.5,0,0,0,1,2019-10-10 11:39:02,2019-10-10 11:42:58,0,0 days 00:03:56.000000000,0,1,0,0
0.26,3.0,0,0,1,0,2019-07-22 13:00:01,2019-07-22 13:00:56,0,0 days 00:00:55.000000000,0,0,1,0
2.37,11.0,0,0,0,1,2019-11-03 00:04:17,2019-11-03 00:18:04,0,0 days 00:13:47.000000000,1,0,0,0
4.9,20.5,0,0,0,1,2019-09-30 09:34:38,2019-09-30 09:57:03,0,0 days 00:22:25.000000000,0,1,0,0
1.6,12.0,0,1,0,0,2019-03-01 13:00:57,2019-03-01 13:18:39,0,0 days 00:17:42.000000000,0,0,1,0
6.35,25.5,0,1,0,0,2019-05-31 12:12:48,2019-05-31 12:46:51,0,0 days 00:34:03.000000000,0,0,0,0
1.3,8.0,0,1,0,0,2019-04-04 16:01:31,2019-04-04 16:12:04,0,0 days 00:10:33.000000000,0,0,1,0
3.37,13.5,1,0,0,0,2019-02-20 08:18:08,2019-02-20 08:34:59,0,0 days 00:16:51.000000000,0,1,0,0
0.98,9.5,0,1,0,0,2019-05-28 14:44:36,2019-05-28 14:58:15,0,0 days 00:13:39.000000000,0,0,1,0
0.56,4.0,0,0,1,0,2019-08-03 08:02:08,2019-08-03 08:04:19,0,0 days 00:02:11.000000000,0,1,0,0
1.2,5.5,0,1,0,0,2019-05-18 15:07:15,2019-05-18 15:11:03,0,0 days 00:03:48.000000000,0,0,1,0
1.28,7.5,1,0,0,0,2019-01-08 09:20:12,2019-01-08 09:29:10,0,0 days 00:08:58.000000000,0,1,0,0
1.5,6.5,0,0,0,1,2019-09-14 02:49:15,2019-09-14 02:55:00,0,0 days 00:05:45.000000000,1,0,0,0
4.2,15.5,0,0,0,1,2019-10-04 22:55:07,2019-10-04 23:11:54,0,0 days 00:16:47.000000000,0,0,0,1
2.85,13.5,0,0,1,0,2019-07-30 07:35:40,2019-07-30 07:52:43,0,0 days 00:17:03.000000000,0,1,0,0
0.67,4.5,0,1,0,0,2019-04-14 17:03:15,2019-04-14 17:07:02,0,0 days 00:03:47.000000000,0,0,1,0
1.74,10.0,1,0,0,0,2019-02-26 16:37:48,2019-02-26 16:49:45,0,0 days 00:11:57.000000000,0,0,1,0
0.91,7.0,0,0,0,1,2019-10-29 10:44:26,2019-10-29 10:53:30,0,0 days 00:09:04.000000000,0,1,0,0
1.2,9.5,0,0,1,0,2019-07-22 15:01:07,2019-07-22 15:14:47,0,0 days 00:13:40.000000000,0,0,1,0
0.8,5.5,0,1,0,0,2019-04-19 18:11:02,2019-04-19 18:17:02,0,0 days 00:06:00.000000000,0,0,0,0
0.5,4.5,0,1,0,0,2019-05-21 08:13:26,2019-05-21 08:17:06,0,0 days 00:03:40.000000000,0,1,0,0
3.4,18.5,0,0,0,1,2019-10-31 17:36:57,2019-10-31 18:06:09,0,0 days 00:29:12.000000000,0,0,1,0
0.89,6.5,0,1,0,0,2019-05-06 20:05:39,2019-05-06 20:13:27,0,0 days 00:07:48.000000000,0,0,0,0
1.12,6.0,0,0,1,0,2019-06-25 22:47:20,2019-06-25 22:53:20,0,0 days 00:06:00.000000000,0,0,0,1
0.6,5.5,0,1,0,0,2019-03-21 10:38:54,2019-03-21 10:44:38,0,0 days 00:05:44.000000000,0,1,0,0
0.8,5.0,0,0,1,0,2019-08-17 09:08:32,2019-08-17 09:12:00,0,0 days 00:03:28.000000000,0,1,0,0
1.8,10.5,0,0,1,0,2019-06-05 11:48:45,2019-06-05 12:03:22,0,0 days 00:14:37.000000000,0,1,0,0
2.3,10.0,0,0,1,0,2019-06-26 07:49:25,2019-06-26 08:00:34,0,0 days 00:11:09.000000000,0,1,0,0
3.27,14.0,0,0,0,1,2019-09-01 14:22:45,2019-09-01 14:39:52,0,0 days 00:17:07.000000000,0,0,1,0
2.5,14.5,1,0,0,0,2019-01-26 21:52:05,2019-01-26 22:13:07,0,0 days 00:21:02.000000000,0,0,0,0
7.4,23.0,1,0,0,0,2019-01-28 16:39:02,2019-01-28 16:58:32,0,0 days 00:19:30.000000000,0,0,1,0
1.38,12.5,0,0,1,0,2019-07-19 13:56:22,2019-07-19 14:15:45,0,0 days 00:19:23.000000000,0,0,1,0
0.61,5.0,0,0,0,1,2019-11-13 09:51:58,2019-11-13 09:56:42,0,0 days 00:04:44.000000000,0,1,0,0
2.34,10.5,1,0,0,0,2019-02-23 11:29:35,2019-02-23 11:41:40,0,0 days 00:12:05.000000000,0,1,0,0
0.6,5.0,1,0,0,0,2019-02-05 12:35:19,2019-02-05 12:40:26,0,0 days 00:05:07.000000000,0,0,0,0
1.4,8.5,0,1,0,0,2019-03-23 19:44:54,2019-03-23 19:55:24,0,0 days 00:10:30.000000000,0,0,0,0
1.74,10.0,1,0,0,0,2019-12-05 19:57:05,2019-12-05 20:10:27,0,0 days 00:13:22.000000000,0,0,0,0
1.91,9.0,1,0,0,0,2019-12-29 03:10:43,2019-12-29 03:19:17,0,0 days 00:08:34.000000000,1,0,0,0
2.52,17.0,0,0,1,0,2019-08-04 13:15:35,2019-08-04 13:40:52,0,0 days 00:25:17.000000000,0,0,1,0
2.0,9.0,0,1,0,0,2019-03-29 20:20:00,2019-03-29 20:28:46,0,0 days 00:08:46.000000000,0,0,0,0
1.7,9.5,0,1,0,0,2019-05-30 22:15:11,2019-05-30 22:28:14,1,0 days 00:13:03.000000000,0,0,0,1
1.79,8.0,0,0,0,1,2019-10-13 20:57:46,2019-10-13 21:06:00,0,0 days 00:08:14.000000000,0,0,0,0
1.4,7.5,0,0,1,0,2019-08-03 15:13:53,2019-08-03 15:20:53,0,0 days 00:07:00.000000000,0,0,1,0
0.9,5.5,0,0,0,1,2019-09-15 10:48:56,2019-09-15 10:52:41,0,0 days 00:03:45.000000000,0,1,0,0
0.8,6.0,0,0,1,0,2019-07-08 14:49:53,2019-07-08 14:56:11,0,0 days 00:06:18.000000000,0,0,1,0
4.87,15.5,1,0,0,0,2019-01-26 11:01:44,2019-01-26 11:12:16,0,0 days 00:10:32.000000000,0,1,0,0
1.06,6.0,0,0,0,1,2019-11-14 01:02:49,2019-11-14 01:08:54,0,0 days 00:06:05.000000000,1,0,0,0
1.6,10.5,0,1,0,0,2019-05-20 12:22:38,2019-05-20 12:36:17,0,0 days 00:13:39.000000000,0,0,0,0
0.4,4.5,0,1,0,0,2019-05-09 11:15:31,2019-05-09 11:19:23,0,0 days 00:03:52.000000000,0,1,0,0
4.9,16.0,0,1,0,0,2019-03-12 00:00:58,2019-03-12 00:11:56,0,0 days 00:10:58.000000000,1,0,0,0
11.2,34.5,0,1,0,0,2019-05-28 21:40:53,2019-05-28 22:10:57,0,0 days 00:30:04.000000000,0,0,0,0
0.61,4.0,0,0,0,1,2019-10-09 10:45:40,2019-10-09 10:48:20,0,0 days 00:02:40.000000000,0,1,0,0
1.59,6.5,0,1,0,0,2019-04-02 18:24:20,2019-04-02 18:29:04,0,0 days 00:04:44.000000000,0,0,0,0
1.9,8.5,0,1,0,0,2019-05-26 20:43:06,2019-05-26 20:50:55,0,0 days 00:07:49.000000000,0,0,0,0
0.9,6.5,1,0,0,0,2019-02-06 19:21:39,2019-02-06 19:28:58,0,0 days 00:07:19.000000000,0,0,0,0
2.63,14.0,0,0,1,0,2019-06-26 22:48:47,2019-06-26 23:07:08,0,0 days 00:18:21.000000000,0,0,0,1
2.13,10.0,1,0,0,0,2019-02-04 20:00:20,2019-02-04 20:11:59,0,0 days 00:11:39.000000000,0,0,0,0
10.3,46.5,0,0,0,1,2019-09-05 17:09:09,2019-09-05 18:17:41,1,0 days 01:08:32.000000000,0,0,1,0
2.16,10.0,0,0,1,0,2019-07-21 02:50:49,2019-07-21 03:03:25,0,0 days 00:12:36.000000000,1,0,0,0
0.7,4.5,0,0,0,1,2019-10-05 12:00:55,2019-10-05 12:04:29,0,0 days 00:03:34.000000000,0,0,0,0
1.0,5.5,0,0,1,0,2019-08-08 19:47:07,2019-08-08 19:51:24,0,0 days 00:04:17.000000000,0,0,0,0
0.58,4.0,1,0,0,0,2019-02-10 21:09:34,2019-02-10 21:12:06,0,0 days 00:02:32.000000000,0,0,0,0
0.69,6.0,0,0,1,0,2019-07-31 18:11:39,2019-07-31 18:18:03,0,0 days 00:06:24.000000000,0,0,0,0
1.14,11.0,0,0,0,1,2019-11-08 18:13:51,2019-11-08 18:30:04,0,0 days 00:16:13.000000000,0,0,0,0
5.8,23.5,0,0,0,1,2019-10-27 00:13:46,2019-10-27 00:45:59,0,0 days 00:32:13.000000000,1,0,0,0
0.3,3.5,0,0,1,0,2019-07-08 22:14:41,2019-07-08 22:16:36,0,0 days 00:01:55.000000000,0,0,0,1
1.0,7.0,0,0,0,1,2019-11-21 17:18:03,2019-11-21 17:26:51,0,0 days 00:08:48.000000000,0,0,1,0
2.3,12.0,0,0,1,0,2019-07-27 16:09:06,2019-07-27 16:26:33,0,0 days 00:17:27.000000000,0,0,1,0
3.6,13.0,0,0,0,1,2019-09-18 22:03:31,2019-09-18 22:16:21,0,0 days 00:12:50.000000000,0,0,0,1
2.15,13.0,0,0,0,1,2019-10-25 16:04:38,2019-10-25 16:23:45,0,0 days 00:19:07.000000000,0,0,1,0
2.23,8.5,0,1,0,0,2019-03-13 22:02:36,2019-03-13 22:10:43,0,0 days 00:08:07.000000000,0,0,0,1
0.7,4.5,0,0,0,1,2019-10-25 01:20:49,2019-10-25 01:23:53,0,0 days 00:03:04.000000000,1,0,0,0
1.5,8.5,1,0,0,0,2019-01-24 19:50:19,2019-01-24 20:00:11,0,0 days 00:09:52.000000000,0,0,0,0
2.06,9.5,0,0,0,1,2019-09-18 22:54:12,2019-09-18 23:05:02,0,0 days 00:10:50.000000000,0,0,0,1
14.89,42.5,0,1,0,0,2019-04-05 10:02:07,2019-04-05 10:43:57,0,0 days 00:41:50.000000000,0,1,0,0
1.27,7.0,0,1,0,0,2019-05-20 17:37:32,2019-05-20 17:44:34,0,0 days 00:07:02.000000000,0,0,1,0
6.44,26.0,0,0,0,1,2019-09-12 19:32:53,2019-09-12 20:08:25,0,0 days 00:35:32.000000000,0,0,0,0
2.18,11.5,0,0,0,1,2019-11-16 18:53:10,2019-11-16 19:09:06,0,0 days 00:15:56.000000000,0,0,0,0
1.6,9.5,0,1,0,0,2019-03-24 14:14:29,2019-03-24 14:26:35,0,0 days 00:12:06.000000000,0,0,1,0
1.12,5.5,0,1,0,0,2019-05-26 10:48:45,2019-05-26 10:52:28,0,0 days 00:03:43.000000000,0,1,0,0
6.59,22.5,0,1,0,0,2019-05-30 21:53:12,2019-05-30 22:18:51,1,0 days 00:25:39.000000000,0,0,0,0
2.5,12.5,0,0,0,1,2019-11-23 10:28:00,2019-11-23 10:44:09,0,0 days 00:16:09.000000000,0,1,0,0
0.95,6.5,1,0,0,0,2019-12-03 21:51:18,2019-12-03 21:58:26,0,0 days 00:07:08.000000000,0,0,0,0
1.2,11.5,0,0,0,1,2019-11-08 13:15:12,2019-11-08 13:32:27,0,0 days 00:17:15.000000000,0,0,1,0
1.89,10.0,0,0,1,0,2019-07-13 09:19:20,2019-07-13 09:33:07,0,0 days 00:13:47.000000000,0,1,0,0
0.9,7.5,0,0,1,0,2019-07-08 10:30:24,2019-07-08 10:39:05,0,0 days 00:08:41.000000000,0,1,0,0
2.07,10.5,0,0,1,0,2019-08-09 23:21:51,2019-08-09 23:35:22,0,0 days 00:13:31.000000000,0,0,0,1
2.76,14.0,1,0,0,0,2019-02-20 08:21:54,2019-02-20 08:39:01,0,0 days 00:17:07.000000000,0,1,0,0
1.1,6.5,0,1,0,0,2019-04-26 18:34:16,2019-04-26 18:41:26,0,0 days 00:07:10.000000000,0,0,0,0
0.36,4.0,0,0,1,0,2019-06-17 14:51:51,2019-06-17 14:55:08,0,0 days 00:03:17.000000000,0,0,1,0
2.2,10.5,0,0,0,1,2019-11-25 19:44:32,2019-11-25 19:58:04,0,0 days 00:13:32.000000000,0,0,0,0
0.56,4.0,0,0,0,1,2019-10-12 22:52:02,2019-10-12 22:54:37,0,0 days 00:02:35.000000000,0,0,0,1
1.16,5.5,0,0,0,1,2019-11-18 21:51:57,2019-11-18 21:55:31,0,0 days 00:03:34.000000000,0,0,0,0
4.29,23.0,0,0,0,1,2019-11-06 13:40:52,2019-11-06 14:14:27,0,0 days 00:33:35.000000000,0,0,1,0
5.1,17.0,0,0,0,1,2019-10-11 19:24:42,2019-10-11 19:38:48,0,0 days 00:14:06.000000000,0,0,0,0
1.35,7.5,0,0,0,1,2019-09-11 21:02:18,2019-09-11 21:10:30,0,0 days 00:08:12.000000000,0,0,0,0
1.5,7.0,1,0,0,0,2019-02-03 08:00:34,2019-02-03 08:06:24,0,0 days 00:05:50.000000000,0,1,0,0
2.36,10.0,0,0,1,0,2019-08-14 23:14:34,2019-08-14 23:25:14,0,0 days 00:10:40.000000000,0,0,0,1
12.83,38.0,1,0,0,0,2019-12-27 23:37:28,2019-12-28 00:07:20,0,0 days 00:29:52.000000000,0,0,0,1
1.77,8.0,0,0,0,1,2019-11-06 00:40:39,2019-11-06 00:48:51,0,0 days 00:08:12.000000000,1,0,0,0
1.4,9.0,0,0,0,1,2019-11-01 12:50:38,2019-11-01 13:02:38,0,0 days 00:12:00.000000000,0,0,0,0
1.92,10.0,1,0,0,0,2019-02-07 13:38:21,2019-02-07 13:51:50,0,0 days 00:13:29.000000000,0,0,1,0
1.1,7.0,0,1,0,0,2019-04-10 15:35:22,2019-04-10 15:43:00,0,0 days 00:07:38.000000000,0,0,1,0
4.4,18.0,0,0,1,0,2019-08-15 11:23:44,2019-08-15 11:45:07,0,0 days 00:21:23.000000000,0,1,0,0
0.69,5.0,0,0,1,0,2019-06-14 14:17:34,2019-06-14 14:21:10,0,0 days 00:03:36.000000000,0,0,1,0
1.87,9.5,0,1,0,0,2019-04-30 18:48:42,2019-04-30 18:59:58,0,0 days 00:11:16.000000000,0,0,0,0
0.8,5.5,0,0,0,1,2019-10-14 19:16:28,2019-10-14 19:22:01,0,0 days 00:05:33.000000000,0,0,0,0
0.69,5.0,1,0,0,0,2019-02-28 19:31:01,2019-02-28 19:35:22,0,0 days 00:04:21.000000000,0,0,0,0
1.7,7.5,0,0,0,1,2019-09-05 20:15:06,2019-09-05 20:22:17,1,0 days 00:07:11.000000000,0,0,0,0
1.84,8.5,1,0,0,0,2019-12-27 09:48:05,2019-12-27 09:57:23,1,0 days 00:09:18.000000000,0,1,0,0
3.59,14.0,1,0,0,0,2019-12-04 22:05:49,2019-12-04 22:22:08,0,0 days 00:16:19.000000000,0,0,0,1
0.8,4.5,0,0,1,0,2019-08-28 22:05:21,2019-08-28 22:09:10,0,0 days 00:03:49.000000000,0,0,0,1
0.69,4.5,0,0,0,1,2019-09-30 12:23:50,2019-09-30 12:27:07,0,0 days 00:03:17.000000000,0,0,0,0
0.88,5.0,1,0,0,0,2019-01-05 13:28:22,2019-01-05 13:32:00,0,0 days 00:03:38.000000000,0,0,1,0
1.3,7.5,0,0,1,0,2019-06-03 19:12:00,2019-06-03 19:19:33,0,0 days 00:07:33.000000000,0,0,0,0
0.67,4.0,0,1,0,0,2019-05-01 13:33:41,2019-05-01 13:35:52,0,0 days 00:02:11.000000000,0,0,1,0
9.0,29.5,0,1,0,0,2019-03-11 20:09:06,2019-03-11 20:39:33,0,0 days 00:30:27.000000000,0,0,0,0
0.51,4.0,0,0,0,1,2019-09-15 18:56:17,2019-09-15 18:59:09,0,0 days 00:02:52.000000000,0,0,0,0
3.05,15.5,0,1,0,0,2019-05-30 20:41:14,2019-05-30 21:03:58,1,0 days 00:22:44.000000000,0,0,0,0
12.3,37.0,0,0,1,0,2019-07-30 14:48:36,2019-07-30 15:25:13,0,0 days 00:36:37.000000000,0,0,1,0
1.8,9.0,0,1,0,0,2019-03-10 18:16:47,2019-03-10 18:27:37,0,0 days 00:10:50.000000000,0,0,0,0
2.39,9.5,0,1,0,0,2019-03-16 22:56:33,2019-03-16 23:07:58,0,0 days 00:11:25.000000000,0,0,0,1
0.6,5.0,0,0,0,1,2019-09-18 19:19:12,2019-09-18 19:23:44,0,0 days 00:04:32.000000000,0,0,0,0
2.59,12.0,0,1,0,0,2019-04-24 22:20:11,2019-04-24 22:36:12,0,0 days 00:16:01.000000000,0,0,0,1
1.37,7.0,1,0,0,0,2019-01-08 18:06:24,2019-01-08 18:13:44,0,0 days 00:07:20.000000000,0,0,0,0
10.7,40.5,0,1,0,0,2019-04-17 14:38:03,2019-04-17 15:35:08,0,0 days 00:57:05.000000000,0,0,1,0
8.5,24.5,1,0,0,0,2019-01-08 16:49:04,2019-01-08 17:07:02,0,0 days 00:17:58.000000000,0,0,1,0
0.8,5.0,0,1,0,0,2019-03-30 01:08:41,2019-03-30 01:13:22,0,0 days 00:04:41.000000000,1,0,0,0
1.3,13.0,0,1,0,0,2019-05-08 12:13:38,2019-05-08 12:34:01,0,0 days 00:20:23.000000000,0,0,0,0
5.61,22.0,1,0,0,0,2019-12-06 22:41:55,2019-12-06 23:11:16,0,0 days 00:29:21.000000000,0,0,0,1
0.8,5.5,0,0,1,0,2019-06-17 18:50:28,2019-06-17 18:56:19,0,0 days 00:05:51.000000000,0,0,0,0
1.21,9.5,0,1,0,0,2019-05-01 11:12:36,2019-05-01 11:25:57,0,0 days 00:13:21.000000000,0,1,0,0
17.71,72.0,0,1,0,0,2019-05-30 13:52:59,2019-05-30 14:39:03,1,0 days 00:46:04.000000000,0,0,1,0
5.23,17.5,1,0,0,0,2019-02-23 05:52:57,2019-02-23 06:10:20,0,0 days 00:17:23.000000000,0,0,0,0
1.0,7.0,0,0,1,0,2019-06-04 15:19:18,2019-06-04 15:26:29,0,0 days 00:07:11.000000000,0,0,1,0
0.97,5.5,0,1,0,0,2019-05-04 11:06:23,2019-05-04 11:10:56,0,0 days 00:04:33.000000000,0,1,0,0
1.7,12.0,0,0,1,0,2019-07-17 15:19:17,2019-07-17 15:37:06,0,0 days 00:17:49.000000000,0,0,1,0
0.81,5.0,0,0,1,0,2019-06-30 10:25:15,2019-06-30 10:28:50,0,0 days 00:03:35.000000000,0,1,0,0
5.1,17.5,1,0,0,0,2019-01-26 16:59:51,2019-01-26 17:15:17,0,0 days 00:15:26.000000000,0,0,1,0
0.94,8.0,0,1,0,0,2019-03-12 19:31:53,2019-03-12 19:42:27,0,0 days 00:10:34.000000000,0,0,0,0
2.79,11.0,0,1,0,0,2019-04-20 00:19:58,2019-04-20 00:31:49,0,0 days 00:11:51.000000000,1,0,0,0
2.44,11.5,0,0,0,1,2019-09-01 12:58:53,2019-09-01 13:13:23,0,0 days 00:14:30.000000000,0,0,0,0
0.97,7.0,1,0,0,0,2019-02-09 18:01:47,2019-02-09 18:10:09,0,0 days 00:08:22.000000000,0,0,0,0
2.53,12.5,0,0,0,1,2019-09-20 08:58:14,2019-09-20 09:14:10,0,0 days 00:15:56.000000000,0,1,0,0
2.53,10.5,1,0,0,0,2019-02-25 17:35:23,2019-02-25 17:48:21,0,0 days 00:12:58.000000000,0,0,1,0
0.73,6.5,0,0,0,1,2019-10-21 15:12:21,2019-10-21 15:20:05,0,0 days 00:07:44.000000000,0,0,1,0
5.5,20.5,0,0,1,0,2019-07-19 23:25:05,2019-07-19 23:51:48,0,0 days 00:26:43.000000000,0,0,0,1
4.09,14.5,0,0,1,0,2019-08-18 11:16:11,2019-08-18 11:27:22,0,0 days 00:11:11.000000000,0,1,0,0
1.57,9.5,0,0,0,1,2019-09-24 12:49:32,2019-09-24 13:01:12,0,0 days 00:11:40.000000000,0,0,0,0
0.48,3.5,1,0,0,0,2019-01-20 13:39:22,2019-01-20 13:41:23,0,0 days 00:02:01.000000000,0,0,1,0
2.9,16.5,0,0,0,1,2019-10-16 19:22:11,2019-10-16 19:47:21,0,0 days 00:25:10.000000000,0,0,0,0
0.8,5.0,0,0,0,1,2019-10-15 20:55:25,2019-10-15 21:00:08,0,0 days 00:04:43.000000000,0,0,0,0
0.97,7.5,1,0,0,0,2019-01-03 21:11:33,2019-01-03 21:21:18,0,0 days 00:09:45.000000000,0,0,0,0
0.69,7.0,0,0,1,0,2019-06-20 16:32:36,2019-06-20 16:42:09,0,0 days 00:09:33.000000000,0,0,1,0
3.13,16.5,0,0,1,0,2019-07-16 11:30:21,2019-07-16 11:54:44,0,0 days 00:24:23.000000000,0,1,0,0
0.58,4.5,0,0,0,1,2019-09-25 19:30:54,2019-09-25 19:34:54,0,0 days 00:04:00.000000000,0,0,0,0
1.19,10.5,1,0,0,0,2019-01-12 13:08:04,2019-01-12 13:23:25,0,0 days 00:15:21.000000000,0,0,1,0
1.17,7.5,0,1,0,0,2019-04-06 12:30:02,2019-04-06 12:39:11,0,0 days 00:09:09.000000000,0,0,0,0
0.74,5.0,1,0,0,0,2019-02-19 15:04:03,2019-02-19 15:08:43,0,0 days 00:04:40.000000000,0,0,1,0
1.0,5.5,0,1,0,0,2019-05-06 08:48:14,2019-05-06 08:53:09,0,0 days 00:04:55.000000000,0,1,0,0
2.2,10.0,1,0,0,0,2019-01-16 22:35:19,2019-01-16 22:47:06,1,0 days 00:11:47.000000000,0,0,0,1
1.06,8.0,0,1,0,0,2019-05-02 08:10:23,2019-05-02 08:20:36,0,0 days 00:10:13.000000000,0,1,0,0
3.93,18.0,0,0,0,1,2019-09-15 14:37:08,2019-09-15 15:00:22,0,0 days 00:23:14.000000000,0,0,1,0
0.6,5.0,1,0,0,0,2019-01-27 21:41:47,2019-01-27 21:45:58,0,0 days 00:04:11.000000000,0,0,0,0
1.12,5.5,1,0,0,0,2019-12-13 22:22:15,2019-12-13 22:25:56,0,0 days 00:03:41.000000000,0,0,0,1
1.7,10.0,0,0,0,1,2019-11-14 22:54:38,2019-11-14 23:07:59,0,0 days 00:13:21.000000000,0,0,0,1
1.46,9.0,1,0,0,0,2019-02-08 09:11:04,2019-02-08 09:23:16,0,0 days 00:12:12.000000000,0,1,0,0
0.6,4.5,1,0,0,0,2019-02-15 08:08:42,2019-02-15 08:11:25,0,0 days 00:02:43.000000000,0,1,0,0
1.23,7.5,0,0,1,0,2019-08-01 10:59:57,2019-08-01 11:07:39,0,0 days 00:07:42.000000000,0,1,0,0
0.28,3.0,0,0,1,0,2019-07-31 15:34:44,2019-07-31 15:35:49,0,0 days 00:01:05.000000000,0,0,1,0
1.11,6.5,0,0,1,0,2019-07-23 15:52:51,2019-07-23 15:59:39,0,0 days 00:06:48.000000000,0,0,1,0
1.7,11.0,0,1,0,0,2019-04-05 17:08:41,2019-04-05 17:24:51,0,0 days 00:16:10.000000000,0,0,1,0
0.8,7.0,0,1,0,0,2019-05-28 12:59:41,2019-05-28 13:08:49,0,0 days 00:09:08.000000000,0,0,0,0
18.7,52.0,1,0,0,0,2019-02-08 14:12:24,2019-02-08 14:55:49,0,0 days 00:43:25.000000000,0,0,1,0
3.82,18.0,0,0,1,0,2019-06-01 18:20:53,2019-06-01 18:43:44,0,0 days 00:22:51.000000000,0,0,0,0
1.6,9.0,0,1,0,0,2019-03-28 23:48:45,2019-03-29 00:00:00,0,0 days 00:11:15.000000000,0,0,0,1
3.12,24.0,0,0,0,1,2019-11-13 17:02:54,2019-11-13 17:43:34,0,0 days 00:40:40.000000000,0,0,1,0
3.12,13.0,1,0,0,0,2019-12-28 15:15:11,2019-12-28 15:31:12,0,0 days 00:16:01.000000000,0,0,1,0
1.4,10.0,0,0,1,0,2019-06-19 18:22:10,2019-06-19 18:34:54,0,0 days 00:12:44.000000000,0,0,0,0
1.05,13.0,0,1,0,0,2019-05-15 14:48:33,2019-05-15 15:08:56,0,0 days 00:20:23.000000000,0,0,1,0
2.41,11.0,0,0,1,0,2019-06-11 22:36:20,2019-06-11 22:49:43,0,0 days 00:13:23.000000000,0,0,0,1
1.8,14.5,1,0,0,0,2019-02-27 17:43:56,2019-02-27 18:05:47,0,0 days 00:21:51.000000000,0,0,1,0
1.16,8.0,0,1,0,0,2019-05-17 19:40:04,2019-05-17 19:49:46,0,0 days 00:09:42.000000000,0,0,0,0
3.29,12.5,1,0,0,0,2019-02-17 00:01:03,2019-02-17 00:15:36,0,0 days 00:14:33.000000000,1,0,0,0
4.2,16.5,1,0,0,0,2019-02-17 00:12:13,2019-02-17 00:31:50,0,0 days 00:19:37.000000000,1,0,0,0
12.4,40.0,1,0,0,0,2019-12-20 10:50:15,2019-12-20 11:27:54,0,0 days 00:37:39.000000000,0,1,0,0
5.91,29.5,0,1,0,0,2019-04-14 13:49:01,2019-04-14 14:34:34,0,0 days 00:45:33.000000000,0,0,1,0
0.9,5.0,0,1,0,0,2019-03-11 13:25:43,2019-03-11 13:29:28,0,0 days 00:03:45.000000000,0,0,1,0
0.5,4.5,0,1,0,0,2019-04-22 13:26:04,2019-04-22 13:29:52,0,0 days 00:03:48.000000000,0,0,1,0
2.18,9.5,0,0,1,0,2019-08-09 20:59:50,2019-08-09 21:10:13,0,0 days 00:10:23.000000000,0,0,0,0
1.36,7.0,0,0,1,0,2019-07-05 17:39:51,2019-07-05 17:48:09,0,0 days 00:08:18.000000000,0,0,1,0
1.13,8.0,0,0,0,1,2019-11-06 13:29:27,2019-11-06 13:39:37,0,0 days 00:10:10.000000000,0,0,1,0
2.91,16.0,0,0,0,1,2019-11-02 11:59:09,2019-11-02 12:23:39,0,0 days 00:24:30.000000000,0,1,0,0
21.8,52.0,1,0,0,0,2019-02-03 14:05:34,2019-02-03 14:54:26,0,0 days 00:48:52.000000000,0,0,1,0
2.0,10.5,1,0,0,0,2019-01-10 17:41:38,2019-01-10 17:53:58,0,0 days 00:12:20.000000000,0,0,1,0
1.1,8.0,0,1,0,0,2019-03-05 07:40:47,2019-03-05 07:50:42,0,0 days 00:09:55.000000000,0,1,0,0
1.72,10.5,0,0,0,1,2019-09-17 08:26:43,2019-09-17 08:41:31,0,0 days 00:14:48.000000000,0,1,0,0
9.8,31.5,1,0,0,0,2019-02-08 12:46:38,2019-02-08 13:18:26,0,0 days 00:31:48.000000000,0,0,0,0
3.08,17.5,1,0,0,0,2019-12-18 14:38:54,2019-12-18 15:05:23,0,0 days 00:26:29.000000000,0,0,1,0
1.0,9.0,1,0,0,0,2019-01-08 08:15:00,2019-01-08 08:27:23,0,0 days 00:12:23.000000000,0,1,0,0
1.82,9.5,0,1,0,0,2019-03-09 13:45:17,2019-03-09 13:56:45,0,0 days 00:11:28.000000000,0,0,1,0
1.4,9.0,0,0,0,1,2019-09-26 12:31:53,2019-09-26 12:43:48,0,0 days 00:11:55.000000000,0,0,0,0
1.49,9.0,0,0,1,0,2019-08-01 11:41:57,2019-08-01 11:52:40,0,0 days 00:10:43.000000000,0,1,0,0
16.7,52.0,0,0,0,1,2019-11-07 18:55:03,2019-11-07 19:47:44,0,0 days 00:52:41.000000000,0,0,0,0
17.3,52.0,0,0,1,0,2019-07-29 14:56:40,2019-07-29 16:07:18,0,0 days 01:10:38.000000000,0,0,1,0
6.95,20.5,0,0,1,0,2019-06-24 12:50:52,2019-06-24 13:07:17,0,0 days 00:16:25.000000000,0,0,0,0
1.5,10.0,1,0,0,0,2019-01-19 18:46:26,2019-01-19 18:59:54,0,0 days 00:13:28.000000000,0,0,0,0
0.77,5.0,0,1,0,0,2019-05-15 20:36:41,2019-05-15 20:40:14,0,0 days 00:03:33.000000000,0,0,0,0
1.4,17.5,1,0,0,0,2019-12-13 11:12:40,2019-12-13 11:40:13,0,0 days 00:27:33.000000000,0,1,0,0
18.87,52.0,0,0,1,0,2019-07-14 11:35:24,2019-07-14 12:28:18,0,0 days 00:52:54.000000000,0,1,0,0
1.76,8.0,0,1,0,0,2019-04-14 20:27:05,2019-04-14 20:35:54,0,0 days 00:08:49.000000000,0,0,0,0
6.9,22.0,0,0,0,1,2019-11-14 01:18:06,2019-11-14 01:34:44,0,0 days 00:16:38.000000000,1,0,0,0
2.16,13.0,1,0,0,0,2019-12-01 12:22:44,2019-12-01 12:40:34,0,0 days 00:17:50.000000000,0,0,0,0
1.09,7.0,0,1,0,0,2019-05-25 20:17:04,2019-05-25 20:24:25,0,0 days 00:07:21.000000000,0,0,0,0
4.29,32.0,1,0,0,0,2019-12-13 12:52:29,2019-12-13 13:46:07,0,0 days 00:53:38.000000000,0,0,0,0
0.9,7.0,0,1,0,0,2019-04-12 08:45:09,2019-04-12 08:54:09,0,0 days 00:09:00.000000000,0,1,0,0
0.67,4.5,0,0,0,1,2019-11-25 07:13:56,2019-11-25 07:16:57,1,0 days 00:03:01.000000000,0,1,0,0
0.46,5.0,0,1,0,0,2019-04-13 20:12:10,2019-04-13 20:17:43,0,0 days 00:05:33.000000000,0,0,0,0
1.13,6.0,1,0,0,0,2019-01-10 13:55:20,2019-01-10 14:01:39,0,0 days 00:06:19.000000000,0,0,1,0
2.0,9.5,0,0,0,1,2019-10-04 02:31:37,2019-10-04 02:41:58,0,0 days 00:10:21.000000000,1,0,0,0
2.69,12.5,0,1,0,0,2019-04-26 15:10:49,2019-04-26 15:26:13,0,0 days 00:15:24.000000000,0,0,1,0
0.8,6.5,0,1,0,0,2019-05-22 18:03:36,2019-05-22 18:10:51,0,0 days 00:07:15.000000000,0,0,0,0
2.97,10.5,1,0,0,0,2019-01-03 06:41:53,2019-01-03 06:51:20,0,0 days 00:09:27.000000000,0,1,0,0
0.82,4.5,0,0,1,0,2019-06-23 01:47:52,2019-06-23 01:49:39,0,0 days 00:01:47.000000000,1,0,0,0
1.1,6.0,0,1,0,0,2019-05-14 14:27:34,2019-05-14 14:32:51,0,0 days 00:05:17.000000000,0,0,1,0
0.79,6.5,0,1,0,0,2019-03-23 13:00:05,2019-03-23 13:08:13,0,0 days 00:08:08.000000000,0,0,1,0
0.93,6.0,0,1,0,0,2019-05-01 07:52:11,2019-05-01 07:58:47,0,0 days 00:06:36.000000000,0,1,0,0
8.74,35.5,1,0,0,0,2019-12-12 09:54:53,2019-12-12 10:45:16,0,0 days 00:50:23.000000000,0,1,0,0
1.5,14.0,0,1,0,0,2019-05-23 14:33:02,2019-05-23 14:55:06,0,0 days 00:22:04.000000000,0,0,1,0
1.64,7.5,0,0,1,0,2019-08-09 20:12:26,2019-08-09 20:19:52,0,0 days 00:07:26.000000000,0,0,0,0
2.16,17.0,1,0,0,0,2019-12-06 11:34:52,2019-12-06 12:02:40,0,0 days 00:27:48.000000000,0,1,0,0
16.67,48.0,0,1,0,0,2019-03-23 21:57:47,2019-03-23 22:36:56,0,0 days 00:39:09.000000000,0,0,0,0
3.8,14.5,0,1,0,0,2019-03-26 18:15:28,2019-03-26 18:32:28,1,0 days 00:17:00.000000000,0,0,0,0
0.99,6.0,1,0,0,0,2019-12-24 11:38:18,2019-12-24 11:44:23,0,0 days 00:06:05.000000000,0,1,0,0
1.39,7.0,0,0,0,1,2019-10-11 07:22:08,2019-10-11 07:28:57,0,0 days 00:06:49.000000000,0,1,0,0
16.7,65.0,0,0,0,1,2019-11-17 14:50:39,2019-11-17 14:50:56,0,0 days 00:00:17.000000000,0,0,1,0
10.85,41.0,0,0,1,0,2019-06-02 11:51:22,2019-06-02 12:42:01,0,0 days 00:50:39.000000000,0,1,0,0
1.93,10.0,0,0,1,0,2019-08-10 21:55:19,2019-08-10 22:07:29,0,0 days 00:12:10.000000000,0,0,0,0
4.38,19.0,0,0,0,1,2019-09-01 18:39:05,2019-09-01 19:04:56,0,0 days 00:25:51.000000000,0,0,0,0
1.0,7.5,0,0,1,0,2019-07-01 18:14:08,2019-07-01 18:22:17,0,0 days 00:08:09.000000000,0,0,0,0
1.78,9.0,0,1,0,0,2019-04-29 21:38:47,2019-04-29 21:49:13,0,0 days 00:10:26.000000000,0,0,0,0
1.6,8.5,0,0,1,0,2019-07-08 19:07:31,2019-07-08 19:16:53,0,0 days 00:09:22.000000000,0,0,0,0
1.21,14.5,0,1,0,0,2019-05-31 16:47:35,2019-05-31 17:11:23,0,0 days 00:23:48.000000000,0,0,1,0
0.68,6.5,1,0,0,0,2019-01-25 10:38:00,2019-01-25 10:45:53,0,0 days 00:07:53.000000000,0,1,0,0
2.1,15.0,0,0,0,1,2019-11-21 16:51:05,2019-11-21 17:14:50,0,0 days 00:23:45.000000000,0,0,1,0
0.5,4.0,0,0,0,1,2019-10-12 16:56:04,2019-10-12 16:58:23,0,0 days 00:02:19.000000000,0,0,1,0
3.48,13.5,0,0,1,0,2019-08-30 18:57:40,2019-08-30 19:13:31,0,0 days 00:15:51.000000000,0,0,0,0
1.4,7.5,0,1,0,0,2019-03-27 19:12:11,2019-03-27 19:21:19,1,0 days 00:09:08.000000000,0,0,0,0
1.36,7.5,0,1,0,0,2019-03-18 16:51:54,2019-03-18 17:00:20,1,0 days 00:08:26.000000000,0,0,1,0
5.2,19.5,1,0,0,0,2019-12-10 13:17:51,2019-12-10 13:38:48,0,0 days 00:20:57.000000000,0,0,1,0
1.92,7.0,0,0,1,0,2019-06-04 05:30:12,2019-06-04 05:34:47,0,0 days 00:04:35.000000000,0,0,0,0
0.53,4.0,0,0,1,0,2019-06-07 17:46:00,2019-06-07 17:49:06,0,0 days 00:03:06.000000000,0,0,1,0
2.21,10.5,1,0,0,0,2019-01-10 00:31:13,2019-01-10 00:42:08,0,0 days 00:10:55.000000000,1,0,0,0
10.3,34.5,0,0,1,0,2019-06-14 14:50:45,2019-06-14 15:31:20,0,0 days 00:40:35.000000000,0,0,1,0
1.12,6.5,0,0,1,0,2019-08-30 19:44:56,2019-08-30 19:52:06,0,0 days 00:07:10.000000000,0,0,0,0
3.29,19.5,0,1,0,0,2019-03-24 14:28:18,2019-03-24 14:57:42,0,0 days 00:29:24.000000000,0,0,1,0
0.35,3.0,0,0,1,0,2019-07-21 04:59:49,2019-07-21 05:00:35,0,0 days 00:00:46.000000000,1,0,0,0
2.14,15.0,0,1,0,0,2019-03-16 10:04:37,2019-03-16 10:26:37,0,0 days 00:22:00.000000000,0,1,0,0
0.74,5.5,0,0,1,0,2019-07-19 10:29:16,2019-07-19 10:35:14,0,0 days 00:05:58.000000000,0,1,0,0
1.29,9.0,0,0,0,1,2019-11-18 11:15:44,2019-11-18 11:27:23,0,0 days 00:11:39.000000000,0,1,0,0
3.4,16.0,0,0,1,0,2019-06-13 21:00:02,2019-06-13 21:23:04,0,0 days 00:23:02.000000000,0,0,0,0
6.5,22.5,1,0,0,0,2019-02-06 19:06:33,2019-02-06 19:33:55,0,0 days 00:27:22.000000000,0,0,0,0
2.5,12.0,0,0,1,0,2019-06-07 22:00:16,2019-06-07 22:15:49,0,0 days 00:15:33.000000000,0,0,0,1
1.1,10.0,0,1,0,0,2019-03-24 14:19:44,2019-03-24 14:33:03,0,0 days 00:13:19.000000000,0,0,1,0
11.07,31.0,0,0,0,1,2019-10-03 21:02:52,2019-10-03 21:25:41,0,0 days 00:22:49.000000000,0,0,0,0
1.4,16.0,1,0,0,0,2019-12-12 12:11:35,2019-12-12 12:37:49,0,0 days 00:26:14.000000000,0,0,0,0
0.54,5.5,0,0,0,1,2019-11-08 18:26:55,2019-11-08 18:32:26,0,0 days 00:05:31.000000000,0,0,0,0
0.98,7.5,0,0,1,0,2019-06-26 07:48:41,2019-06-26 07:58:22,0,0 days 00:09:41.000000000,0,1,0,0
0.9,6.0,1,0,0,0,2019-12-17 19:20:10,2019-12-17 19:27:08,0,0 days 00:06:58.000000000,0,0,0,0
0.79,5.0,0,0,1,0,2019-08-11 04:38:45,2019-08-11 04:42:05,0,0 days 00:03:20.000000000,1,0,0,0
0.73,4.5,0,1,0,0,2019-04-19 21:29:10,2019-04-19 21:32:35,0,0 days 00:03:25.000000000,0,0,0,0
11.49,33.5,1,0,0,0,2019-02-17 07:46:52,2019-02-17 08:09:53,0,0 days 00:23:01.000000000,0,1,0,0
3.1,12.0,1,0,0,0,2019-01-15 06:57:49,2019-01-15 07:10:53,0,0 days 00:13:04.000000000,0,1,0,0
0.93,4.5,0,0,1,0,2019-08-11 09:41:03,2019-08-11 09:43:22,0,0 days 00:02:19.000000000,0,1,0,0
2.15,10.5,0,1,0,0,2019-03-20 21:53:51,2019-03-20 22:06:37,0,0 days 00:12:46.000000000,0,0,0,0
3.39,12.5,1,0,0,0,2019-02-01 03:04:04,2019-02-01 03:17:03,0,0 days 00:12:59.000000000,1,0,0,0
2.01,12.0,1,0,0,0,2019-02-07 09:26:51,2019-02-07 09:43:32,0,0 days 00:16:41.000000000,0,1,0,0
0.6,5.0,0,0,0,1,2019-11-24 00:39:36,2019-11-24 00:44:49,1,0 days 00:05:13.000000000,1,0,0,0
0.78,5.5,0,1,0,0,2019-04-28 10:55:37,2019-04-28 11:00:25,0,0 days 00:04:48.000000000,0,1,0,0
8.5,25.0,0,1,0,0,2019-05-04 23:51:28,2019-05-05 00:08:18,0,0 days 00:16:50.000000000,0,0,0,1
6.6,20.5,0,0,1,0,2019-08-31 23:06:33,2019-08-31 23:24:00,0,0 days 00:17:27.000000000,0,0,0,1
0.8,6.0,0,0,1,0,2019-08-16 14:44:27,2019-08-16 14:50:40,0,0 days 00:06:13.000000000,0,0,1,0
1.31,6.5,0,0,1,0,2019-08-05 18:59:42,2019-08-05 19:05:47,0,0 days 00:06:05.000000000,0,0,0,0
1.8,8.0,0,0,0,1,2019-10-01 13:41:55,2019-10-01 13:49:52,0,0 days 00:07:57.000000000,0,0,1,0
2.42,10.5,0,0,1,0,2019-06-26 07:43:53,2019-06-26 07:55:57,0,0 days 00:12:04.000000000,0,1,0,0
1.2,5.5,1,0,0,0,2019-02-20 23:46:06,2019-02-20 23:49:20,0,0 days 00:03:14.000000000,0,0,0,1
2.5,10.5,0,0,0,1,2019-10-05 22:50:57,2019-10-05 23:02:50,0,0 days 00:11:53.000000000,0,0,0,1
2.23,11.0,0,1,0,0,2019-03-26 19:16:52,2019-03-26 19:31:44,1,0 days 00:14:52.000000000,0,0,0,0
1.3,7.0,1,0,0,0,2019-01-22 07:27:29,2019-01-22 07:33:57,0,0 days 00:06:28.000000000,0,1,0,0
1.99,9.0,1,0,0,0,2019-01-05 15:43:21,2019-01-05 15:52:57,0,0 days 00:09:36.000000000,0,0,1,0
1.7,11.0,0,1,0,0,2019-05-30 19:48:11,2019-05-30 20:03:34,1,0 days 00:15:23.000000000,0,0,0,0
10.92,30.5,0,0,1,0,2019-06-09 11:38:37,2019-06-09 11:59:12,0,0 days 00:20:35.000000000,0,1,0,0
1.44,8.5,1,0,0,0,2019-01-16 15:40:10,2019-01-16 15:50:13,1,0 days 00:10:03.000000000,0,0,1,0
5.01,23.5,0,0,0,1,2019-10-09 21:36:19,2019-10-09 22:18:17,0,0 days 00:41:58.000000000,0,0,0,0
1.0,5.5,0,1,0,0,2019-05-03 18:38:20,2019-05-03 18:43:27,0,0 days 00:05:07.000000000,0,0,0,0
0.56,4.5,0,0,1,0,2019-07-03 06:31:47,2019-07-03 06:35:19,0,0 days 00:03:32.000000000,0,1,0,0
20.04,52.0,1,0,0,0,2019-01-03 18:00:03,2019-01-03 18:44:15,0,0 days 00:44:12.000000000,0,0,0,0
1.4,8.5,0,1,0,0,2019-05-13 09:16:41,2019-05-13 09:27:40,0,0 days 00:10:59.000000000,0,1,0,0
3.58,19.0,1,0,0,0,2019-12-24 21:03:29,2019-12-24 21:30:51,0,0 days 00:27:22.000000000,0,0,0,0
1.6,8.5,0,0,1,0,2019-07-16 09:18:07,2019-07-16 09:27:41,0,0 days 00:09:34.000000000,0,1,0,0
1.5,10.0,0,0,1,0,2019-07-31 18:22:20,2019-07-31 18:35:43,0,0 days 00:13:23.000000000,0,0,0,0
2.29,11.0,0,0,1,0,2019-06-15 17:25:10,2019-06-15 17:39:42,0,0 days 00:14:32.000000000,0,0,1,0
7.8,24.0,1,0,0,0,2019-01-23 00:07:11,2019-01-23 00:26:28,0,0 days 00:19:17.000000000,1,0,0,0
4.5,17.0,0,0,0,1,2019-09-05 07:30:35,2019-09-05 07:49:49,1,0 days 00:19:14.000000000,0,1,0,0
0.7,4.5,0,0,0,1,2019-10-04 17:36:34,2019-10-04 17:40:22,0,0 days 00:03:48.000000000,0,0,1,0
1.2,7.0,0,0,1,0,2019-07-25 08:56:07,2019-07-25 09:04:02,0,0 days 00:07:55.000000000,0,1,0,0
9.23,28.0,0,0,1,0,2019-06-30 12:25:12,2019-06-30 12:57:05,0,0 days 00:31:53.000000000,0,0,0,0
0.9,4.5,0,0,1,0,2019-06-04 22:41:45,2019-06-04 22:44:09,0,0 days 00:02:24.000000000,0,0,0,1
1.74,9.5,1,0,0,0,2019-01-16 19:46:43,2019-01-16 19:59:39,1,0 days 00:12:56.000000000,0,0,0,0
2.1,8.5,0,0,0,1,2019-10-12 08:31:18,2019-10-12 08:38:59,0,0 days 00:07:41.000000000,0,1,0,0
1.08,5.5,1,0,0,0,2019-01-06 14:29:02,2019-01-06 14:33:29,0,0 days 00:04:27.000000000,0,0,1,0
0.93,6.0,0,1,0,0,2019-05-20 12:33:46,2019-05-20 12:39:49,0,0 days 00:06:03.000000000,0,0,0,0
0.51,4.0,1,0,0,0,2019-01-04 22:11:06,2019-01-04 22:13:34,0,0 days 00:02:28.000000000,0,0,0,1
1.73,10.0,0,0,0,1,2019-10-18 20:55:51,2019-10-18 21:09:43,0,0 days 00:13:52.000000000,0,0,0,0
3.5,14.0,1,0,0,0,2019-02-25 22:54:52,2019-02-25 23:09:29,0,0 days 00:14:37.000000000,0,0,0,1
28.6,76.0,0,0,0,1,2019-10-14 19:34:02,2019-10-14 20:21:37,0,0 days 00:47:35.000000000,0,0,0,0
1.24,7.0,0,1,0,0,2019-05-18 09:47:46,2019-05-18 09:55:22,0,0 days 00:07:36.000000000,0,1,0,0
1.12,7.5,0,1,0,0,2019-03-23 12:52:24,2019-03-23 13:01:30,0,0 days 00:09:06.000000000,0,0,0,0
19.63,52.0,1,0,0,0,2019-12-05 16:58:37,2019-12-05 18:33:42,0,0 days 01:35:05.000000000,0,0,1,0
0.92,6.0,0,0,0,1,2019-09-05 12:40:51,2019-09-05 12:47:11,1,0 days 00:06:20.000000000,0,0,0,0
1.7,8.5,0,1,0,0,2019-03-31 21:41:31,2019-03-31 21:50:41,0,0 days 00:09:10.000000000,0,0,0,0
7.72,23.5,0,0,1,0,2019-07-12 08:16:29,2019-07-12 08:38:08,0,0 days 00:21:39.000000000,0,1,0,0
0.58,5.5,0,0,0,1,2019-10-09 18:15:02,2019-10-09 18:20:31,0,0 days 00:05:29.000000000,0,0,0,0
0.9,5.5,0,1,0,0,2019-05-14 21:26:18,2019-05-14 21:32:15,0,0 days 00:05:57.000000000,0,0,0,0
1.55,16.0,0,1,0,0,2019-04-13 13:29:25,2019-04-13 13:55:15,0,0 days 00:25:50.000000000,0,0,1,0
0.5,4.5,0,1,0,0,2019-05-20 16:12:25,2019-05-20 16:16:48,0,0 days 00:04:23.000000000,0,0,1,0
1.1,12.5,0,0,1,0,2019-08-05 13:07:28,2019-08-05 13:26:54,0,0 days 00:19:26.000000000,0,0,1,0
1.29,6.5,0,1,0,0,2019-05-13 17:20:47,2019-05-13 17:27:32,0,0 days 00:06:45.000000000,0,0,1,0
3.73,14.0,0,0,0,1,2019-09-16 07:12:57,2019-09-16 07:26:33,0,0 days 00:13:36.000000000,0,1,0,0
17.8,52.0,0,0,1,0,2019-08-19 12:56:09,2019-08-19 13:45:41,0,0 days 00:49:32.000000000,0,0,0,0
3.71,14.0,0,1,0,0,2019-05-05 02:32:49,2019-05-05 02:46:15,0,0 days 00:13:26.000000000,1,0,0,0
1.04,7.0,0,0,0,1,2019-10-21 08:34:51,2019-10-21 08:43:28,0,0 days 00:08:37.000000000,0,1,0,0
1.45,7.0,1,0,0,0,2019-01-09 00:02:56,2019-01-09 00:09:30,0,0 days 00:06:34.000000000,1,0,0,0
3.29,14.0,0,0,0,1,2019-09-02 17:54:22,2019-09-02 18:11:40,0,0 days 00:17:18.000000000,0,0,1,0
1.53,10.0,0,1,0,0,2019-04-29 19:59:06,2019-04-29 20:12:06,0,0 days 00:13:00.000000000,0,0,0,0
0.94,11.5,0,0,0,1,2019-11-19 22:15:54,2019-11-19 22:34:08,0,0 days 00:18:14.000000000,0,0,0,1
7.2,23.0,1,0,0,0,2019-12-06 13:11:04,2019-12-06 13:30:43,0,0 days 00:19:39.000000000,0,0,1,0
0.82,6.0,0,1,0,0,2019-04-21 16:30:07,2019-04-21 16:36:37,0,0 days 00:06:30.000000000,0,0,1,0
1.23,14.5,0,1,0,0,2019-04-05 12:48:58,2019-04-05 13:12:23,0,0 days 00:23:25.000000000,0,0,0,0
0.84,7.0,1,0,0,0,2019-01-20 17:09:11,2019-01-20 17:17:53,0,0 days 00:08:42.000000000,0,0,1,0
1.62,6.5,0,1,0,0,2019-03-20 23:59:33,2019-03-21 00:04:52,0,0 days 00:05:19.000000000,0,0,0,1
17.01,63.5,0,0,1,0,2019-06-09 03:36:54,2019-06-09 04:04:50,0,0 days 00:27:56.000000000,1,0,0,0
1.88,10.0,1,0,0,0,2019-02-10 19:44:52,2019-02-10 19:56:52,0,0 days 00:12:00.000000000,0,0,0,0
21.11,52.0,1,0,0,0,2019-01-07 07:16:53,2019-01-07 08:02:12,0,0 days 00:45:19.000000000,0,1,0,0
0.58,6.0,0,1,0,0,2019-04-06 23:20:38,2019-04-06 23:27:43,0,0 days 00:07:05.000000000,0,0,0,1
1.01,8.5,0,0,0,1,2019-09-04 08:43:03,2019-09-04 08:54:46,0,0 days 00:11:43.000000000,0,1,0,0
0.56,4.0,1,0,0,0,2019-01-20 15:10:42,2019-01-20 15:13:47,0,0 days 00:03:05.000000000,0,0,1,0
3.0,11.5,1,0,0,0,2019-12-29 11:36:40,2019-12-29 11:47:06,0,0 days 00:10:26.000000000,0,1,0,0
12.85,46.29,0,0,1,0,2019-08-07 16:32:00,2019-08-07 17:18:00,0,0 days 00:46:00.000000000,0,0,1,0
1.93,8.5,0,0,0,1,2019-09-09 07:25:31,2019-09-09 07:34:22,0,0 days 00:08:51.000000000,0,1,0,0
6.05,33.5,0,0,0,1,2019-09-20 15:00:58,2019-09-20 15:55:02,0,0 days 00:54:04.000000000,0,0,1,0
2.7,15.0,0,0,1,0,2019-06-24 15:36:16,2019-06-24 15:57:07,0,0 days 00:20:51.000000000,0,0,1,0
0.99,7.0,0,0,0,1,2019-10-09 10:38:10,2019-10-09 10:46:35,0,0 days 00:08:25.000000000,0,1,0,0
8.3,26.0,0,0,1,0,2019-06-04 21:01:02,2019-06-04 21:22:20,0,0 days 00:21:18.000000000,0,0,0,0
0.6,6.0,0,1,0,0,2019-04-01 12:28:26,2019-04-01 12:35:10,0,0 days 00:06:44.000000000,0,0,0,0
10.34,31.5,0,0,0,1,2019-09-22 04:19:56,2019-09-22 04:44:22,0,0 days 00:24:26.000000000,1,0,0,0
5.3,37.0,0,0,1,0,2019-07-11 19:31:38,2019-07-11 20:36:54,0,0 days 01:05:16.000000000,0,0,0,0
3.54,15.5,0,0,1,0,2019-07-15 21:19:03,2019-07-15 21:38:19,0,0 days 00:19:16.000000000,0,0,0,0
1.1,8.0,0,1,0,0,2019-04-08 09:21:11,2019-04-08 09:31:41,0,0 days 00:10:30.000000000,0,1,0,0
3.01,14.0,0,1,0,0,2019-05-25 19:32:17,2019-05-25 19:53:47,0,0 days 00:21:30.000000000,0,0,0,0
3.67,12.0,0,0,1,0,2019-07-14 11:45:40,2019-07-14 11:55:05,0,0 days 00:09:25.000000000,0,1,0,0
1.67,10.0,0,0,1,0,2019-07-17 21:05:47,2019-07-17 21:19:27,0,0 days 00:13:40.000000000,0,0,0,0
1.01,6.5,0,0,1,0,2019-08-22 13:52:21,2019-08-22 13:59:35,0,0 days 00:07:14.000000000,0,0,1,0
9.09,25.5,1,0,0,0,2019-01-26 03:47:12,2019-01-26 04:02:28,0,0 days 00:15:16.000000000,1,0,0,0
2.69,11.0,0,1,0,0,2019-03-07 07:44:37,2019-03-07 07:57:09,0,0 days 00:12:32.000000000,0,1,0,0
10.1,33.5,0,1,0,0,2019-03-04 14:01:51,2019-03-04 14:31:40,0,0 days 00:29:49.000000000,0,0,1,0
1.24,6.5,0,0,0,1,2019-11-02 12:58:15,2019-11-02 13:03:59,0,0 days 00:05:44.000000000,0,0,0,0
3.2,13.0,0,1,0,0,2019-04-13 09:02:07,2019-04-13 09:17:04,0,0 days 00:14:57.000000000,0,1,0,0
9.93,31.0,1,0,0,0,2019-12-01 18:02:58,2019-12-01 18:32:45,0,0 days 00:29:47.000000000,0,0,0,0
8.66,27.5,0,1,0,0,2019-04-27 19:35:17,2019-04-27 19:59:26,0,0 days 00:24:09.000000000,0,0,0,0
0.46,3.5,0,1,0,0,2019-04-11 22:34:02,2019-04-11 22:36:00,0,0 days 00:01:58.000000000,0,0,0,1
1.5,9.5,0,1,0,0,2019-05-04 11:57:31,2019-05-04 12:10:53,0,0 days 00:13:22.000000000,0,1,0,0
1.4,15.5,0,1,0,0,2019-03-06 11:18:05,2019-03-06 11:44:20,0,0 days 00:26:15.000000000,0,1,0,0
16.07,48.0,1,0,0,0,2019-12-13 21:26:31,2019-12-13 22:10:18,0,0 days 00:43:47.000000000,0,0,0,0
1.09,7.5,0,0,0,1,2019-10-20 16:09:50,2019-10-20 16:18:59,0,0 days 00:09:09.000000000,0,0,1,0
0.82,7.0,0,0,1,0,2019-06-15 10:42:56,2019-06-15 10:51:40,0,0 days 00:08:44.000000000,0,1,0,0
0.5,4.5,1,0,0,0,2019-12-20 07:53:50,2019-12-20 07:57:22,0,0 days 00:03:32.000000000,0,1,0,0
2.99,13.5,1,0,0,0,2019-02-19 19:47:01,2019-02-19 20:05:45,0,0 days 00:18:44.000000000,0,0,0,0
17.69,52.0,0,0,0,1,2019-11-08 07:28:40,2019-11-08 08:12:12,0,0 days 00:43:32.000000000,0,1,0,0
2.07,10.0,0,0,0,1,2019-10-27 02:04:04,2019-10-27 02:15:23,0,0 days 00:11:19.000000000,1,0,0,0
1.2,7.5,0,1,0,0,2019-05-18 17:52:44,2019-05-18 18:01:45,0,0 days 00:09:01.000000000,0,0,1,0
3.11,15.5,0,1,0,0,2019-03-23 02:04:03,2019-03-23 02:24:01,0,0 days 00:19:58.000000000,1,0,0,0
0.84,4.5,0,1,0,0,2019-03-12 17:05:25,2019-03-12 17:08:40,0,0 days 00:03:15.000000000,0,0,1,0
2.49,11.0,1,0,0,0,2019-01-25 15:44:13,2019-01-25 15:58:40,0,0 days 00:14:27.000000000,0,0,1,0
1.38,7.0,0,0,1,0,2019-08-02 11:20:18,2019-08-02 11:27:53,0,0 days 00:07:35.000000000,0,1,0,0
1.1,9.0,1,0,0,0,2019-02-08 17:35:04,2019-02-08 17:47:51,0,0 days 00:12:47.000000000,0,0,1,0
0.6,5.0,0,0,0,1,2019-09-11 17:34:38,2019-09-11 17:39:30,0,0 days 00:04:52.000000000,0,0,1,0
3.43,15.5,1,0,0,0,2019-02-08 01:27:33,2019-02-08 01:46:50,0,0 days 00:19:17.000000000,1,0,0,0
1.4,8.0,0,1,0,0,2019-04-12 20:45:24,2019-04-12 20:55:08,0,0 days 00:09:44.000000000,0,0,0,0
1.6,8.5,0,1,0,0,2019-04-04 17:48:06,2019-04-04 17:57:24,0,0 days 00:09:18.000000000,0,0,1,0
1.49,7.5,1,0,0,0,2019-12-01 01:47:38,2019-12-01 01:54:52,0,0 days 00:07:14.000000000,1,0,0,0
6.08,18.5,0,1,0,0,2019-05-28 08:59:42,2019-05-28 09:13:22,0,0 days 00:13:40.000000000,0,1,0,0
2.0,9.5,0,0,0,1,2019-10-18 12:10:06,2019-10-18 12:21:00,0,0 days 00:10:54.000000000,0,0,0,0
3.21,16.0,0,0,0,1,2019-10-15 14:35:51,2019-10-15 14:56:20,0,0 days 00:20:29.000000000,0,0,1,0
2.94,12.5,0,0,1,0,2019-07-09 19:45:19,2019-07-09 20:00:04,0,0 days 00:14:45.000000000,0,0,0,0
4.35,16.5,1,0,0,0,2019-01-26 00:38:57,2019-01-26 00:57:58,0,0 days 00:19:01.000000000,1,0,0,0
2.1,9.5,0,1,0,0,2019-05-25 20:27:18,2019-05-25 20:38:08,0,0 days 00:10:50.000000000,0,0,0,0
0.99,6.5,1,0,0,0,2019-02-20 18:58:38,2019-02-20 19:05:12,0,0 days 00:06:34.000000000,0,0,0,0
3.66,12.0,0,1,0,0,2019-05-07 22:53:28,2019-05-07 23:03:43,0,0 days 00:10:15.000000000,0,0,0,1
6.69,22.5,0,0,1,0,2019-07-06 10:56:34,2019-07-06 11:17:39,0,0 days 00:21:05.000000000,0,1,0,0
1.1,6.5,0,1,0,0,2019-05-23 22:15:39,2019-05-23 22:22:18,0,0 days 00:06:39.000000000,0,0,0,1
4.2,15.5,0,1,0,0,2019-04-09 19:02:53,2019-04-09 19:19:57,0,0 days 00:17:04.000000000,0,0,0,0
1.4,8.5,1,0,0,0,2019-01-09 18:36:35,2019-01-09 18:46:47,0,0 days 00:10:12.000000000,0,0,0,0
1.82,7.5,0,1,0,0,2019-05-17 06:44:45,2019-05-17 06:50:34,0,0 days 00:05:49.000000000,0,1,0,0
1.0,8.0,0,1,0,0,2019-03-04 08:30:51,2019-03-04 08:40:54,0,0 days 00:10:03.000000000,0,1,0,0
6.73,25.51,0,0,0,1,2019-10-08 06:21:00,2019-10-08 06:46:00,0,0 days 00:25:00.000000000,0,1,0,0
1.1,7.0,1,0,0,0,2019-12-16 18:22:12,2019-12-16 18:30:01,0,0 days 00:07:49.000000000,0,0,0,0
2.7,10.5,0,0,1,0,2019-07-12 23:23:36,2019-07-12 23:34:58,0,0 days 00:11:22.000000000,0,0,0,1
1.6,8.5,0,0,0,1,2019-09-28 12:03:58,2019-09-28 12:13:38,0,0 days 00:09:40.000000000,0,0,0,0
2.27,10.0,0,1,0,0,2019-05-22 19:08:15,2019-05-22 19:18:03,0,0 days 00:09:48.000000000,0,0,0,0
3.09,17.5,0,0,0,1,2019-10-21 17:37:30,2019-10-21 18:02:58,0,0 days 00:25:28.000000000,0,0,1,0
0.9,6.5,0,1,0,0,2019-03-22 07:34:16,2019-03-22 07:41:49,0,0 days 00:07:33.000000000,0,1,0,0
1.58,10.0,0,0,1,0,2019-07-30 11:46:52,2019-07-30 12:00:07,0,0 days 00:13:15.000000000,0,1,0,0
4.1,14.0,0,1,0,0,2019-03-17 04:10:59,2019-03-17 04:24:12,0,0 days 00:13:13.000000000,1,0,0,0
1.6,8.5,0,1,0,0,2019-03-21 15:46:23,2019-03-21 15:56:33,0,0 days 00:10:10.000000000,0,0,1,0
